tweetDate,content,twitterProfile,tweetUrl,timestamp,query
Thu Jan 14 14:16:33 +0000 2021,"#CAS saying #WADA wanted the sanctions on #Russia to apply for two #Olympics - one summer and one winter - is a moot point, IMO. #Paris2024 only came into the equation because of the appeal + the time it took for the case to be heard",https://twitter.com/LMorgan21,https://twitter.com/LMorgan21/status/1349722071274827778,2021-01-18T10:30:58.522Z,#Paris2024
Wed Jan 13 20:47:30 +0000 2021,Our Fearless #MarathonSailing team members Jesse Fielding and Francesca Clapcich compete to qualify for the #Paris2024 #Olympics. Follow their latest developments on our Marathon Sailing newsroom. https://t.co/Gn3E8ZOg83,https://twitter.com/nchakar,https://twitter.com/nchakar/status/1349458071882522627,2021-01-18T10:30:58.522Z,#Paris2024
Tue Jan 12 15:47:12 +0000 2021,"Audrey Pierron is ""proud to be a pioneer"" of goalball in France ahead of @Paris2024 

Next stop ğŸ‘‰ Lahti, Finland, for the Euros B!

Read more â–¶ï¸ https://t.co/Xebn89XAdU

@FRAparalympique @FFHandisport @Paralympics https://t.co/8fK9NfZkRs",https://twitter.com/ibsagoalball,https://twitter.com/ibsagoalball/status/1349020108153356290,2021-01-18T10:30:58.522Z,#Paris2024
Fri Jan 15 06:15:19 +0000 2021,"#Paris2024 
Starting the year on a positive note. We will work, train, strategise, listen and learn for one of us to make it to the Kenya team,olympic medal and eventually turn pro. All the help we can get is humbly accepted. https://t.co/Z2fc1ppcko",https://twitter.com/OWaiganjo,https://twitter.com/OWaiganjo/status/1349963354413146112,2021-01-18T10:30:58.522Z,#Paris2024
Thu Jan 14 13:48:29 +0000 2021,".@wada_ama has claimed the CAS has failed to fully explain why it significantly reduced sanctions imposed on Russia in the full decision published today

https://t.co/r06QMNuDCX #Russia #AntiDoping #Doping",https://twitter.com/insidethegames,https://twitter.com/insidethegames/status/1349715009056727041,2021-01-18T10:30:58.522Z,#Paris2024
Mon Jan 11 07:31:45 +0000 2021,"Project to make the Champs-ElysÃ©es greener. 
Greening the neighbourhood will contribute to a less noisy and less polluted environment, achieve zero-carbon targets, and combat the urban-heat-island effect
#ChampsElysÃ©es #Paris2024 https://t.co/ivQ4i8bryL",https://twitter.com/dejaskitalica,https://twitter.com/dejaskitalica/status/1348533037680779264,2021-01-18T10:30:58.522Z,#Paris2024
Tue Jan 12 16:49:25 +0000 2021,Who else is excited about #Paris2024? ğŸ˜,https://twitter.com/IBSABlindSports,https://twitter.com/IBSABlindSports/status/1349035768010969094,2021-01-18T10:30:58.522Z,#Paris2024
Sun Jan 17 15:23:36 +0000 2021,Training for the Olympics in 2024. 15 years of creating a reality out of my dreams and itâ€™s finally here. #Believe #paris2024 #teamusa,https://twitter.com/officialGraviTV,https://twitter.com/officialGraviTV/status/1350826111048028165,2021-01-18T10:30:58.522Z,#Paris2024
Mon Jan 18 10:07:47 +0000 2021,"Had a talk with @jakob_fuglsang about retirement-plans.

Safe to say that the 36-year old @AstanaPremTech rider won't stop just yet.

He would like to retire after the #Paris2024 Olympics, but this plan could be altered.

1/2",https://twitter.com/Brandtenburg94,https://twitter.com/Brandtenburg94/status/1351109022179536896,2021-01-18T10:30:58.522Z,#Paris2024
Wed Jan 13 23:07:32 +0000 2021,"Rock climbing joining the #Olympics #Paris2024 - check out this superhuman woman scaling the wall.  Incredible 
https://t.co/AdwaORFztn",https://twitter.com/electriccaves,https://twitter.com/electriccaves/status/1349493311648616448,2021-01-18T10:30:58.522Z,#Paris2024
Sat Jan 16 20:49:55 +0000 2021,".@denis_Masseglia, who will be leaving his post as President of @cnosf_instit later this year says he still wants to play a part in @Paris2024 as he was one of the key officials involved in the successful bid
https://t.co/M6YHMA9JAE #Paris2024 #Olympics @TonyEstanguet",https://twitter.com/insidethegames,https://twitter.com/insidethegames/status/1350545843162664964,2021-01-18T10:30:58.522Z,#Paris2024
Fri Jan 15 17:04:08 +0000 2021,"ğŸ¥‡ @Simone_Biles  says her mum wants her to continue to #Paris2024 as a specialist.

Plus, @Aly_Raisman hopes to cheer in Tokyo, Nile Wilson announces his retirement and we look back at Ukraine on beam from Atlanta 1996 in our weekly @gymnastics recap!

â¡ï¸ https://t.co/Zy7LAUjvRE https://t.co/tVHNPYMybc",https://twitter.com/olympicchannel,https://twitter.com/olympicchannel/status/1350126633227837440,2021-01-18T10:30:58.522Z,#Paris2024
Tue Jan 12 16:36:37 +0000 2021,SailWorldNews: An interview with Dawn Riley on Oakcliff's Helix roadmap to the Olympics - @OakcliffSail @dawnriley @USSailing @470Sailing @49erSailing #Paris2024 https://t.co/WJbKwCqwFY https://t.co/F8g0EG8SZC,https://twitter.com/hellosailing,https://twitter.com/hellosailing/status/1349032545497841666,2021-01-18T10:30:58.522Z,#Paris2024
Mon Jan 11 06:45:20 +0000 2021,"2-time Olympian and former World No.1 #Shooter @HeenaSidhu10 eyes a strong comeback with focus on the #Paris2024 Olympic Games. @OfficialNRAI 

@olympicchannel writes: https://t.co/OSiGuhDePT https://t.co/sxDaFAgBN7",https://twitter.com/WeAreTeamIndia,https://twitter.com/WeAreTeamIndia/status/1348521356208467970,2021-01-18T10:30:58.522Z,#Paris2024
Mon Jan 18 10:01:39 +0000 2021,"Han bliver 36 Ã¥r om to mÃ¥neders tid, men Jakob Fuglsang ser ikke sig selv gÃ¥ pÃ¥ pension lige forelÃ¸big. Danskeren har dog et fjernt mÃ¥l om at slutte karrieren efter OL i Paris 2024, sÃ¥fremt der er brug for ham til den tid. #cyklingdk https://t.co/uiuLgphvxt",https://twitter.com/Feltetdk,https://twitter.com/Feltetdk/status/1351107476737974276,2021-01-18T10:30:58.522Z,#Paris2024
Thu Jan 14 13:44:38 +0000 2021,".@FraClapcich and @Jesse_Fielding, from our Fearless #MarathonSailing team, discuss how they overcame their fear of failing to reach their ultimate goal of competing in the #Paris2024 Olympics. Be part of their inspirational journey. Learn more.",https://twitter.com/StateStreet,https://twitter.com/StateStreet/status/1349714039992176640,2021-01-18T10:30:58.522Z,#Paris2024
Mon Jan 11 06:00:45 +0000 2021,"Twenty-eight Olympic sports, 206 nations, and an incredible 304 events. @Paris2024 is all set to host an unbridled celebration for the whole of France â€“ and the world. 
ğŸƒğŸŠğŸ‹ï¸ğŸ„ https://t.co/rMsh7NunK4
ğŸ“·: @paris2024
#ExploreFrance #SeeYouSoon #Paris2024 https://t.co/RYNMwCThuR",https://twitter.com/AUNZ_FranceFR,https://twitter.com/AUNZ_FranceFR/status/1348510138576097280,2021-01-18T10:30:58.522Z,#Paris2024
Fri Jan 15 13:38:34 +0000 2021,"Today is our last day of campaigning. We campaign for a modern and innovative fÃ©dÃ©ration based on intergrtity and mutual respect, that will be at heart of the clubs, in order to prepare the legacy of #Paris2024
#fieldhockey
#ffh https://t.co/hVIvjkl1Yw",https://twitter.com/CathelijneR,https://twitter.com/CathelijneR/status/1350074902175510530,2021-01-18T10:30:58.522Z,#Paris2024
Thu Jan 14 16:00:09 +0000 2021,"Eager to have a different kind of impact, her curiosity pushed her to explore other opportunities, and landed an internship on the @Paris2024 Olympic and Paralympic Committee. Read @HECParisMasters student Coline Renault's story â¡ï¸ https://t.co/6bfmm9TH80 #Paris2024 https://t.co/sr01RBR1rV",https://twitter.com/HECParis,https://twitter.com/HECParis/status/1349748143588573189,2021-01-18T10:30:58.522Z,#Paris2024
Sun Jan 10 16:24:46 +0000 2021,"In an exclusive interview, @WDSF President Shawn Tay tells @MikeRowbo he hopes that #breaking will be a regular fixture at the #Olympics, but says all attention is currently focused on making sure the sport has a successful debut at @Paris2024 
https://t.co/OnWqISkr9y #Paris2024",https://twitter.com/insidethegames,https://twitter.com/insidethegames/status/1348304787314507780,2021-01-18T10:30:58.522Z,#Paris2024
Mon Jan 11 16:28:46 +0000 2021,â¦@LACOSTEâ© as more than 15 subscribers on Facebook ! A real community. â¦ğŸŠ @LACOSTEâ© will be the official dresser of France Olympics. A true partner for French sport ğŸ‡«ğŸ‡· #sport #paris2024 #iaelyon2021 â¦@supervakeroâ©  https://t.co/PjX4XbtHmm,https://twitter.com/noemie_bln,https://twitter.com/noemie_bln/status/1348668183847297025,2021-01-18T10:30:58.522Z,#Paris2024
Thu Jan 14 09:51:31 +0000 2021,"There are hopes in #France that #goalball can grow in popularity in the lead-up to the #Paris2024 #Paralympics https://t.co/5JnWkWvOfS 
@Paris2024 @ibsagoalball",https://twitter.com/insidethegames,https://twitter.com/insidethegames/status/1349655376237633537,2021-01-18T10:30:58.522Z,#Paris2024
Wed Jan 13 16:10:57 +0000 2021,"Mayor of #Paris #AnneHidalgo said the transformation of Champs-Ã‰lysÃ©es was one of several projects set to take place before and after the @Paris2024 #Olympic and #Paralympic Games    

https://t.co/VH2O44aQz4 #Paris2024 #France",https://twitter.com/insidethegames,https://twitter.com/insidethegames/status/1349388476291145730,2021-01-18T10:30:58.522Z,#Paris2024
Thu Jan 14 14:14:33 +0000 2021,"@herodote1789 En France, ce sont les profs qui le veulent bien, les aÃ©rateurs ğŸ˜•",https://twitter.com/virgilevalette,https://twitter.com/virgilevalette/status/1349721568188968962,2021-01-18T10:30:58.522Z,#Paris2024
Mon Jan 11 08:32:09 +0000 2021,Tu parles quelques langues Ã©trangÃ¨res + tu es passionnÃ©-e par le sport et les grands Ã©vÃ©nements sportifs. Tu veux embarquer sur le plus grand projet qui soit et faire rayonner #Paris2024 dans le monde ? C'est pour toi â¡ï¸https://t.co/Fqi5HPkerg https://t.co/SW1NdggVDs,https://twitter.com/RaphLeclerc,https://twitter.com/RaphLeclerc/status/1348548236806598656,2021-01-18T10:30:58.522Z,#Paris2024
Sun Jan 17 12:17:39 +0000 2021,"@RyanSAdams I've invested in #Uniris which has a huge potential, and will be used in #Paris2024 Olympic games !",https://twitter.com/YSchups,https://twitter.com/YSchups/status/1350779312501350400,2021-01-18T10:30:58.522Z,#Paris2024
Tue Jan 12 17:52:40 +0000 2021,Impressionnante visite du chantier @GrandPalaisRmn. Câ€™est tout le savoir faire ğŸ‡«ğŸ‡· mis Ã  lâ€™honneur Ã  lâ€™occasion de cette visite ministÃ©rielle @RoxaMaracineanu. Whaoooou @GLevents ğŸ”¥#Paris2024 @FranceSportEx https://t.co/1yOUyhitMD,https://twitter.com/MessinaCedric,https://twitter.com/MessinaCedric/status/1349051686380253187,2021-01-18T10:30:58.522Z,#Paris2024
Mon Jan 11 08:28:58 +0000 2021,"3 ans et 196 jours avant les Jeux Olympiques
3 ans et 229 jours avant les Jeux Paralympiques

Bon dÃ©but de semaine Ã  tous ğŸ‡«ğŸ‡· #mondaythoughts",https://twitter.com/Paris2024,https://twitter.com/Paris2024/status/1348547435308732416,2021-01-18T10:30:58.522Z,#Paris2024
Sat Jan 16 09:13:06 +0000 2021,"Attention! Comme la gangrÃ¨ne, la crasse gagne tous les quartiers de Paris: NE puis Est puis Centre......Et pendant ce temps-lÃ  que fait la maire? elle prÃ©pare sa campagne...
@BrenierLaura @lauther04 @ParisBiseArt @JoostParis
@aurelien_veron @waiting2026 @Guiguiii94 @EricKlein_",https://twitter.com/paristranquille,https://twitter.com/paristranquille/status/1350370481095012352,2021-01-18T10:30:58.522Z,#Paris2024
Sun Jan 10 23:00:30 +0000 2021,"Une petite visite aux Puces, via la Porte de Clignancourt, Twitter ? 
#Paris2024 @EmileInParis",https://twitter.com/p_pulsatilla,https://twitter.com/p_pulsatilla/status/1348404379813085186,2021-01-18T10:30:58.522Z,#Paris2024
Sat Jan 16 12:36:04 +0000 2021,Quand #Montmartre se transforme en piste de ski ğŸ¿ğŸ˜‚ https://t.co/I0GBfCzIBr,https://twitter.com/ClementLanot,https://twitter.com/ClementLanot/status/1350421562105729030,2021-01-18T10:30:58.522Z,#Paris2024
Wed Jan 13 09:24:25 +0000 2021,"Do olimpijskih iger nas loÄijo 3 leta, 194 dni ter
3 leta, 227 dni do paraolimpijskih iger ğŸ‡«ğŸ‡· #Paris2024
https://t.co/B31s5cJMM9",https://twitter.com/FranceSlovenie,https://twitter.com/FranceSlovenie/status/1349286166936367105,2021-01-18T10:30:58.522Z,#Paris2024
Mon Jan 11 12:14:01 +0000 2021,#ea #esat @handeco_fr @ReseauGesat @UNEA_France @paris2024 #paris2024,https://twitter.com/sophiemistral,https://twitter.com/sophiemistral/status/1348604071817707520,2021-01-18T10:30:58.522Z,#Paris2024
Thu Jan 14 00:01:17 +0000 2021,"Danse #hiphop #breakdance
Ã  #Paris2024
#jeuxolympiques #BreakingauxJO2024",https://twitter.com/Jaemarks,https://twitter.com/Jaemarks/status/1349506837117366279,2021-01-18T10:30:58.522Z,#Paris2024
Wed Jan 13 16:32:48 +0000 2021,Another project which has nothing to do with the #Olympics being tagged as a benefit of #Paris2024,https://twitter.com/counterOlympics,https://twitter.com/counterOlympics/status/1349393973916409862,2021-01-18T10:30:58.522Z,#Paris2024
Thu Jan 14 18:08:41 +0000 2021,@VigilanceJO93 @StephanTroussel @TonyEstanguet @Anne_Hidalgo @SOLIDEO_JOP @LeParisien_93 @GwenaelBourdon @StephaneMandard @Laury_anne @dorine_goth @Lindgaard @nppnav @Alex_Luthereau Et en plus l'annulation de #paris2024 ferait le plus grand bien Ã  nos portefeuilles de contribuables,https://twitter.com/robardelles,https://twitter.com/robardelles/status/1349780490438516737,2021-01-18T10:30:58.523Z,#Paris2024
Thu Jan 14 14:53:30 +0000 2021,"Pour sa confÃ©rence annuelle, @ULIFrance a choisi dâ€™aborder lâ€™organisation des Jeux olympiques et paralympiques de #Paris2024. Plus exactement, la question de lâ€™hÃ©ritage pour la ville hÃ´te une fois que la flamme retourne en GrÃ¨ce â¡ https://t.co/UCCSmufwgT https://t.co/bbwWMgh7WX",https://twitter.com/businessimmo,https://twitter.com/businessimmo/status/1349731371623714822,2021-01-18T10:30:58.523Z,#Paris2024
Fri Jan 15 08:51:33 +0000 2021,"NeutralitÃ© carbone, confort urbain, #biodiversitÃ©â€¦ @PlaineCodev sera aux cÃ´tÃ©s de @PlaineCommune et de @SOLIDEO_JOP lundi Ã  14h pour prÃ©senter la dÃ©marche environnementale menÃ©e sur le #villagedesathlÃ¨tes Ã  @Ileentransition lors des @assises_energie. #Paris2024 https://t.co/Hz1FG2oyyl",https://twitter.com/PlaineCoDev,https://twitter.com/PlaineCoDev/status/1350002672724807682,2021-01-18T10:30:58.523Z,#Paris2024
Sat Jan 16 10:49:44 +0000 2021,"@herodote1789 oui,

mais le monde entier demande le vaccin ... les chaines de production suivront elles ?",https://twitter.com/notateur,https://twitter.com/notateur/status/1350394800005128193,2021-01-18T10:30:58.523Z,#Paris2024
Sun Jan 17 09:00:00 +0000 2021,"#Paris2024 ğŸ‡ Le saviez-vous ? Afin de faciliter lâ€™accueil des 20 000 spectateurs des Ã©preuves Ã©questres de Paris 2024, les villes de @Versailles et @Saintcyrlecole sâ€™engagent dans la rÃ©habilitation de lâ€™AllÃ©e royale de @Villepreux78.
â¡ï¸ https://t.co/6l8iiv6N0d https://t.co/iW88OoD8yP",https://twitter.com/Les_Yvelines,https://twitter.com/Les_Yvelines/status/1350729575077011459,2021-01-18T10:30:58.523Z,#Paris2024
Thu Jan 14 11:15:44 +0000 2021,"A page will soon turn for the French sports movement. Denis Masseglia, president of the @cnosf_instit for more than eleven years, will return the keys to his office at the end of June. He answered questions from #FrancsJeux. #CNOSF #Paris2024 
https://t.co/lTqXUI3Qnt",https://twitter.com/FrancsJeux,https://twitter.com/FrancsJeux/status/1349676567044218880,2021-01-18T10:30:58.523Z,#Paris2024
Sun Jan 10 19:43:08 +0000 2021,"Bonne route dans ta nouvelle voie, on se revoit vite ğŸ˜‰ğŸ™ğŸ»
#mercipourtout @enkounia https://t.co/dE47diEzDN",https://twitter.com/gros_mathilde,https://twitter.com/gros_mathilde/status/1348354707836850177,2021-01-18T10:30:58.523Z,#Paris2024
Tue Jan 12 20:14:39 +0000 2021,"Le parc Valbon n'est pas Ã  vendre ! L'artificialisation au nom de #Paris2024, c'est NON !  @nppnav https://t.co/er8q2S66jC",https://twitter.com/VigilanceJO93,https://twitter.com/VigilanceJO93/status/1349087417668673539,2021-01-18T10:30:58.523Z,#Paris2024
Tue Jan 12 10:30:45 +0000 2021,"TPE/PME/ESS, prÃªts Ã  dÃ©crocher des marchÃ©s liÃ©s aux Jeux Olympiques et Paralympiques de @Paris2024 ?
RDV Ã  notre confÃ©rence #Entreprendre2024 en direct sur notre chaine #Youtube @CaissEpargneLDA mercredi 13 janvier 2021 Ã  11h.
Inscriptionsâ–¶ï¸ https://t.co/H3BZfya6Zo 
#Paris2024 https://t.co/88kkw0HNDc",https://twitter.com/CaissEpargneLDA,https://twitter.com/CaissEpargneLDA/status/1348940474124554241,2021-01-18T10:30:58.523Z,#Paris2024
Fri Jan 15 20:25:41 +0000 2021,@Velodrome_nat #paris2024 https://t.co/NNmCrfath1,https://twitter.com/CarlierMickal2,https://twitter.com/CarlierMickal2/status/1350177355554291714,2021-01-18T10:30:58.523Z,#Paris2024
Thu Jan 14 14:34:31 +0000 2021,@v_kalifa #paris for happy few ğŸ¥¸ğŸ˜±ğŸ˜±#Paris2024,https://twitter.com/loopzilla62,https://twitter.com/loopzilla62/status/1349726594936389634,2021-01-18T10:30:58.523Z,#Paris2024
Mon Jan 11 10:55:02 +0000 2021,"Save the date : le 5 fÃ©vrier 2021, rÃ©union d'infos sur les opportunitÃ©s Ã  saisir pour l' #ESS dans le cadre des #marchespublics et #appelsaprojets de #Paris2024
Avec @APESS53 @CDOS53 @Les_Canaux @ESS2024 
ğŸ‘‰ https://t.co/CXKOXaIhEf

@Paris2024 #ESS2024 #JO2024 #Mayenne https://t.co/XNW1a9meeY",https://twitter.com/Apess53,https://twitter.com/Apess53/status/1348584196634243072,2021-01-18T10:30:58.523Z,#Paris2024
Tue Jan 12 08:01:49 +0000 2021,"J-1 pour participer Ã  la web confÃ©rence #Entreprendre2024, organisÃ©e par la @CaissEpargneLDA, sur les appels d'offres liÃ©s aux Jeux Olympiques et Paralympiques de @Paris2024.
TPE/PME/ESS, vous Ãªtes concernÃ©s !
RDV demain Ã  11h00.
Inscriptions â–¶ï¸ https://t.co/QaHls06xST
#Paris2024 https://t.co/t4LiarsB4V",https://twitter.com/CaissEpargneLDA,https://twitter.com/CaissEpargneLDA/status/1348902991806476289,2021-01-18T10:30:58.523Z,#Paris2024
Fri Jan 15 08:48:31 +0000 2021,"#Paris2024 
recherche : 10 membres pour tester ... le @Velodrome_nat !
 Et si c'Ã©tait vous ??ğŸ˜€ğŸ…",https://twitter.com/sqy,https://twitter.com/sqy/status/1350001908845600768,2021-01-18T10:30:58.523Z,#Paris2024
Tue Jan 12 17:46:11 +0000 2021,"Visite de @RoxaMaracineanu du Grand Palais EphÃ©mÃ¨re, bÃ¢timent de 10 000m2 rÃ©alisÃ© par @GLevents pour les Jeux de @Paris2024. 
Un projet d'exigence environnementale avec une charpente en bois, prouesse technique.
Un projet commun au GIE avec des partenaires comme @LoxamCorporate. https://t.co/x8EUsLEIb4",https://twitter.com/FranceSportEx,https://twitter.com/FranceSportEx/status/1349050055240593415,2021-01-18T10:30:58.523Z,#Paris2024
Wed Jan 13 10:07:53 +0000 2021,"[#Direct ğŸ“½ï¸]
C'est parti pour la web confÃ©rence #Entreprendre2024 organisÃ©e par la @CaissEpargneLDA en direct sur notre chaine #Youtube, en prÃ©sence de @StCaminati, PrÃ©sident du directoire. 
#Paris2024 https://t.co/WK528fNyRG",https://twitter.com/CaissEpargneLDA,https://twitter.com/CaissEpargneLDA/status/1349297105421160449,2021-01-18T10:30:58.523Z,#Paris2024
Wed Jan 13 16:05:18 +0000 2021,"TÃ©moignages d'habitants du 93 qui tiennent Ã  sauver l'Aire des Vents de l'urbanisation prÃ©vue pour les JO de #paris2024

Pour retrouver la vidÃ©o tract en version longue @nppnav
 @ColJardinsAuber 
https://t.co/bjHj7cVHtg",https://twitter.com/VigilanceJO93,https://twitter.com/VigilanceJO93/status/1349387054535290880,2021-01-18T10:30:58.523Z,#Paris2024
Sun Jan 10 20:13:25 +0000 2021,"6

L'autre cÃ´tÃ© du pont. 

Les Puces de Paris Ã©taient il y a quelques annÃ©es encore l'un des sites touristiques les plus frÃ©quentÃ©s d'Europe. La plupart des visiteurs passent par cet endroit. 

2014 / 2020 https://t.co/mA6ydExyOI",https://twitter.com/JCQDSE,https://twitter.com/JCQDSE/status/1348362330661412865,2021-01-18T10:30:58.523Z,#Paris2024
Sun Jan 17 08:25:12 +0000 2021,"@LauraWoj1 C'est pour cela qu'ils mettent tous ces plots en  bÃ©ton
En cas de chute, ....... @le_Parisien #Paris2024",https://twitter.com/joyPC37,https://twitter.com/joyPC37/status/1350720814539284481,2021-01-18T10:30:58.523Z,#Paris2024
Thu Jan 14 17:21:50 +0000 2021,Non mais câ€™est quoi cette dream-team ! Yâ€™a pas tout le monde mais whaou...5 ans @frenchsamsam @Anais_84 @Lachens1 @Brun_Benj ...#paris2024 https://t.co/EfXINRE4Po,https://twitter.com/RaphLeclerc,https://twitter.com/RaphLeclerc/status/1349768701294338057,2021-01-18T10:30:58.523Z,#Paris2024
Wed Jan 13 10:57:15 +0000 2021,"@asimpere En gros texte dÃ©jÃ  prÃªt
Le calendrier aussi #RWC2023 #Paris2024 (+troubles sociaux provoquÃ©s)

La question est lâ€™adhÃ©sion ğŸ¤‘ des Fdo aux mesures liberticides pour eux-mÃªmes &amp; proches

Un rÃ©gime politique qui repose/provoque la peur est par dÃ©f. terroriste
https://t.co/7PgxMQwTeT",https://twitter.com/matherbo,https://twitter.com/matherbo/status/1349309531759800322,2021-01-18T10:30:58.523Z,#Paris2024
Fri Jan 15 20:30:00 +0000 2021,"#Deportes #Ciclismo | CristÃ³bal SÃ¡nchez MuÃ±oz, profesor de @CanalUGR, liderarÃ¡ la direcciÃ³n de @RFECiclismo hasta los Juegos OlÃ­mpicos de #Paris2024 ğŸš´ğŸ¼

AsÃ­ ha sido su trayectoria hasta ahora ğŸ‘‡ğŸ¼

https://t.co/jBh9jugMq6",https://twitter.com/granadadigital,https://twitter.com/granadadigital/status/1350178442206081024,2021-01-18T10:30:58.523Z,#Paris2024
Sun Jan 10 20:21:10 +0000 2021,"N'hÃ©sitez pas Ã  soutenir le recours portÃ© devant le Conseil d'Etat l'Ã©changeur Pleyel par @PleyelaVenir @fcpe93. Cela se passe Ã  #saintdenis, oÃ¹ vous Ãªtes Ã©lu Ã  l'Ã©cologie. Vous ne vous Ãªtes jamais exprimÃ© Ã  ce sujet. Peut-Ãªtre l'effet #paris2024 ?",https://twitter.com/VigilanceJO93,https://twitter.com/VigilanceJO93/status/1348364279817363459,2021-01-18T10:30:58.523Z,#Paris2024
Thu Jan 14 12:10:53 +0000 2021,Des JO Ã©colo câ€™Ã©tait pour la rime ! #Greenwashing #Paris #Paris2024 #Ecocide #JOParis #Ecologie #Arbre #SaintDenis #Climat #jeudiphoto #COVID19 #rechauffementclimatique @gnsa81 @CAPAJmontrouge,https://twitter.com/GnsaBagneux,https://twitter.com/GnsaBagneux/status/1349690448772796418,2021-01-18T10:30:58.523Z,#Paris2024
Sun Jan 10 17:30:06 +0000 2021,An absolutely remarkable vision. Anne Higaldo raises the bar. Again. https://t.co/VYXx9PG9mw,https://twitter.com/jonburkeUK,https://twitter.com/jonburkeUK/status/1348321230525489152,2021-01-18T10:30:58.523Z,#Paris2024
Tue Jan 12 09:28:12 +0000 2021,On ressort les archives de 2017 ğŸ¤© qui est au cÅ“ur des bleus ğŸ˜‰ #bainfroid @CryoControl @FranceSportEx #Handball #sport #paris2024 #terredejeux2024 https://t.co/fCXw4iXvI6,https://twitter.com/AvignonBertrand,https://twitter.com/AvignonBertrand/status/1348924733635645443,2021-01-18T10:30:58.523Z,#Paris2024
Tue Jan 12 18:39:57 +0000 2021,Il ne manque plus que les meilleurs #bainfroid @CryoControl  pour Ãªtre parfait ğŸ˜‰â„ï¸â­ï¸ğŸ¥° #francesportexpertise #filieresport #Paris2024,https://twitter.com/AvignonBertrand,https://twitter.com/AvignonBertrand/status/1349063582856732672,2021-01-18T10:30:58.523Z,#Paris2024
Thu Jan 14 19:50:05 +0000 2021,"Sandra SÃ¡nchez y DamiÃ¡n Quintero abren el 2021 este fin de semana en Alicante
https://t.co/PJlbUJFoxV
#karate2024 #paris2024 #olympickarate #mrprepor #deporteseguro #solucion https://t.co/2r9jzFvIgK",https://twitter.com/mrprepor,https://twitter.com/mrprepor/status/1349806010354069509,2021-01-18T10:30:58.523Z,#Paris2024
Sun Jan 10 21:09:23 +0000 2021,"Paris, la ville du vÃ©lo.  

(Rue Jacques-Henri Fabre, 18e arrondissement. 
Vue Google, Ã©tÃ© 2020.) https://t.co/HScpwfllSO",https://twitter.com/JCQDSE,https://twitter.com/JCQDSE/status/1348376414391836678,2021-01-18T10:30:58.523Z,#Paris2024
Sun Jan 10 17:03:50 +0000 2021,"Que â¦@TonyEstanguetâ© et â¦@Paris2024â© se rassurent, les FranÃ§ais font du sport. En tout cas Ã  â¦@lillefranceâ©, on se prÃ©pare ğŸ™‚ğŸš´ğŸ¼ğŸƒâ€â™€ï¸ #sport #jeuxolympiques #paris2024 #nord #lille https://t.co/075nXoF7en",https://twitter.com/hugueschaigneau,https://twitter.com/hugueschaigneau/status/1348314620688216065,2021-01-18T10:30:58.523Z,#Paris2024
Tue Jan 12 09:14:27 +0000 2021,@prefpolice #Paris2024 @AuxComtesse,https://twitter.com/joyPC37,https://twitter.com/joyPC37/status/1348921273099972609,2021-01-18T10:30:58.523Z,#Paris2024
Mon Jan 11 14:40:00 +0000 2021,"La construcciÃ³n de la villa para la Prensa de los #JuegosOlÃ­mpicos de #Paris2024 podrÃ­a retrasarse por la oposiciÃ³n de varios grupos a la venta de parte del terreno, asiganada desde hace aÃ±os a zonas verdes, deportivas y de otras actividades https://t.co/yU57XaFMx2",https://twitter.com/HistoriasdlosJJ,https://twitter.com/HistoriasdlosJJ/status/1348640809948647424,2021-01-18T10:30:58.523Z,#Paris2024
Tue Jan 12 20:22:21 +0000 2021,Quand @tresormakunda permet de parler des JO paralympiques ... les Ã©lÃ¨ves de CP sont en admiration !!! #Paris2024 https://t.co/yshDxZLJBd,https://twitter.com/fredsemmar,https://twitter.com/fredsemmar/status/1349089352522072067,2021-01-18T10:30:58.523Z,#Paris2024
Sat Jan 16 11:11:41 +0000 2021,"ä»Šã®çŠ¶æ³ã ã¨ãƒ•ãƒ©ãƒ³ã‚¹ã‚‚2024å¹´ã«ãƒ‘ãƒªäº”è¼ªã—ãŸãŒã‚‰ã‚“ã ã‚ã†ã‹ã‚‰ã€2024æ±äº¬ã€€2028ãƒ‘ãƒªã«ã—ã¾ã—ã‚‡ã†ã€‚2020ã«äº”è¼ªä¸–ä»£ã‚’è¿ãˆã‚‹ã‚¢ã‚¹ãƒªãƒ¼ãƒˆã®ãŸã‚ã«2022ã«ã‚‚æ±äº¬ã§é–‹å‚¬ã‚’ã€‚æ—¥æœ¬å›½æ°‘ã¯äºŒåº¦å¬‰ã—ã„ã€‚

#æ±äº¬äº”è¼ª #tokyo2020 #Paris2024",https://twitter.com/yuppelin,https://twitter.com/yuppelin/status/1350400323622375428,2021-01-18T10:30:58.523Z,#Paris2024
Mon Jan 11 15:00:01 +0000 2021,"ğŸ† 31 communes des #BouchesduRhÃ´ne ont Ã©tÃ© labellisÃ©es #TerredeJeux2024. Ensemble nous allons faire vivre les Jeux de #Paris2024 sur notre territoire et mettre encore plus de sport dans votre quotidien !

HÃ¢te de voir les prochaines communes Ã  rejoindre l'aventure ğŸ’ªğŸ» https://t.co/cQpEsuTmtg",https://twitter.com/departement13,https://twitter.com/departement13/status/1348645848977207296,2021-01-18T10:30:58.523Z,#Paris2024
Mon Jan 11 17:37:26 +0000 2021,"[#VillagedesAthlÃ¨tes]

âœ… La mise en souterrain de 4 lignes Ã  haute tension surplombant 3 communes remplacera les lignes aÃ©riennes par des lignes souterraines 
âœ… 75 % des matÃ©riaux et dÃ©blais issus de ce chantier seront valorisÃ©s pour Ãªtre recyclÃ©s et remployÃ©s ğŸŒ¿ 

#Paris2024",https://twitter.com/SOLIDEO_JOP,https://twitter.com/SOLIDEO_JOP/status/1348685464006500354,2021-01-18T10:30:58.523Z,#Paris2024
Wed Jan 13 21:28:39 +0000 2021,5ğŸ¥‡1ğŸ¥ˆ1= 7 !! Lâ€™Ã©quipe de ğŸ‡«ğŸ‡· de #judo se place de nouveau premiÃ¨re nation et rÃ©ussit la rentrÃ©e sportive internationale haut la main ! #mastersdoha ! ğŸ‘ğŸ»@Gnougnou25 @MadoM_longa @BubucheOfficiel @romane_dicko @teddyriner @GnetoAstride Sarah-LÃ©onie Cysique #Tokyo2020 #paris2024 https://t.co/KBkpVkFtYb,https://twitter.com/StephTraineau,https://twitter.com/StephTraineau/status/1349468428176912386,2021-01-18T10:30:58.523Z,#Paris2024
Wed Jan 13 22:01:39 +0000 2021,"https://t.co/ue4kdzwlgf
Ã‡a c'est cool... Quand on pense Ã  ceux qui ont aussi misÃ© sur Alibaba cloud comme #paris2024 . @jfmartins @olesovhcom",https://twitter.com/ArnoTarry,https://twitter.com/ArnoTarry/status/1349476731472777217,2021-01-18T10:30:58.523Z,#Paris2024
Wed Jan 13 11:21:55 +0000 2021,"Le pÃ´le Players est fier de vous annoncer que l'aventure de @maximevalet31  aux cotÃ©s du Groupe @lorealfrance  se prolonge pour les quatre prochaines annÃ©es.

#Tokyo2020 #Paris2024 https://t.co/Y0aeZGKjBv",https://twitter.com/mysportagency,https://twitter.com/mysportagency/status/1349315737379352576,2021-01-18T10:30:58.523Z,#Paris2024
Sat Jan 16 09:50:00 +0000 2021,"@paristranquille @waiting2026 @BrenierLaura @lauther04 @ParisBiseArt @JoostParis @aurelien_veron @Guiguiii94 @EricKlein_ Hier en marchant dans les rues, je me suis Ã©tonnÃ© du nombre de panneaux publicitaires. Il y en avait presque autant que d'incivilitÃ©s. Par contre aucun policier. Que donnerait la ville avec autant de flics que de pubs ? Ou s'il y en avait mÃªme 10 fois moins ? #Paris2024",https://twitter.com/gary45693,https://twitter.com/gary45693/status/1350379771184734208,2021-01-18T10:30:58.523Z,#Paris2024
Tue Jan 12 12:28:09 +0000 2021,@XtelXmas @fioferro @p_minjo @Arnaud_Valadon Le combat de Pauline Deroulede et ses objectifs pour #RolandGarros et #Paris2024 https://t.co/CJTyM5aNYu,https://twitter.com/BoyerAnne,https://twitter.com/BoyerAnne/status/1348970018910953472,2021-01-18T10:30:58.523Z,#Paris2024
Wed Jan 13 06:20:04 +0000 2021,"@JohnNada2020 In 2024, Mike Pence will take bronze in the women's 400m. #Paris2024",https://twitter.com/JosephLukas1776,https://twitter.com/JosephLukas1776/status/1349239774649999360,2021-01-18T10:30:58.523Z,#Paris2024
Fri Jan 15 14:54:45 +0000 2021,Le sport traverse une pÃ©riode difficile. On sâ€™est rendu compte ces derniers mois Ã  quel point il est essentiel Ã  notre quotidien. Depuis une semaine on mesure aussi que @lequipe manque au sport,https://twitter.com/RoxaMaracineanu,https://twitter.com/RoxaMaracineanu/status/1350094073990946817,2021-01-18T10:30:58.523Z,#Paris2024
Tue Jan 12 16:35:07 +0000 2021,"ğŸ“£ Appel Ã  projets #innovation - SignalÃ©tique multisensorielle sur le #VillagedesAthlÃ¨tes

Notre objectif #AccessibilitÃ© ? Permettre Ã  tous de profiter du confort de la ville grÃ¢ce Ã  une approche universelle des espaces publics

#Paris2024 #VilleDurable
ğŸ‘‰ https://t.co/GHm8LNCG1k https://t.co/lLv5FE3Hza",https://twitter.com/SOLIDEO_JOP,https://twitter.com/SOLIDEO_JOP/status/1349032167783997442,2021-01-18T10:30:58.523Z,#Paris2024
Sun Jan 10 13:54:58 +0000 2021,#SaintDenis et douze autres communes ont dÃ©posÃ© un recours contentieux contre le SCOT de Roissy-Pays-de-France et le projet de #TerminalT4 et appelle Ã  les soutenir. @RACFrance @laffairedusiecl @NotreAffaire @les150ccc @oxfamfrance @FondationNH @greenpeacefr @cdion @M_Chassignet https://t.co/M02q9GKzWs,https://twitter.com/laurentmonnet,https://twitter.com/laurentmonnet/status/1348267088310366209,2021-01-18T10:30:58.523Z,#Paris2024
Tue Jan 12 16:09:01 +0000 2021,An interview with Dawn Riley on Oakcliff's Helix roadmap to the Olympics - @OakcliffSail @dawnriley @USSailing @470Sailing @49erSailing #Paris2024 https://t.co/jb9d5P9XbW https://t.co/XlLPF9kRbp,https://twitter.com/SailWorldNews,https://twitter.com/SailWorldNews/status/1349025602469318657,2021-01-18T10:30:58.523Z,#Paris2024
Thu Jan 14 19:33:27 +0000 2021,"El karate caballa estrena el aÃ±o en la cita de Alicante
https://t.co/cjAMxbMtXP
#karate2024 #paris2024 #olympickarate #mrprepor #deporteseguro #solucion https://t.co/hwEqTdSGxy",https://twitter.com/mrprepor,https://twitter.com/mrprepor/status/1349801823385903104,2021-01-18T10:30:58.523Z,#Paris2024
Thu Jan 14 14:19:24 +0000 2021,"@virgilevalette La prioritÃ© #Paris2024 25 milliardsâ‚¬, il aurait fallu un programme Manhattan sanitaire, la mobilisation gÃ©nÃ©rale contre la #covid_19 avec le gÃ©nÃ©ral Groves aux commandes. Nous sommes une RÃ©publique bananiÃ¨re. https://t.co/GjtfHzVkK4",https://twitter.com/herodote1789,https://twitter.com/herodote1789/status/1349722791860441089,2021-01-18T10:30:58.523Z,#Paris2024
Sat Jan 16 19:51:49 +0000 2021,"Aujourdâ€™hui Ã  Paris, sous la neige, il y avait une Ã©crasante majoritÃ© de livreurs Ã  vÃ©lo sur la route. Lâ€™un dâ€™eux mâ€™a confiÃ© quâ€™il nâ€™avait pas le choix. Â«Â Faut bien travaillerÂ Â». Et ce malgrÃ© les risques dÃ©cuplÃ©s. Et jâ€™ai assistÃ© Ã  la chute bien triste dâ€™un autre en scooter https://t.co/mwV2NsQs5X",https://twitter.com/LauraWoj1,https://twitter.com/LauraWoj1/status/1350531222431277057,2021-01-18T10:30:58.523Z,#Paris2024
Sat Jan 16 01:41:18 +0000 2021,"Jusko. Japan &gt;&gt;&gt;&gt;&gt;&gt;&gt; 

If may offer to naturalize Jaja as Japanese for the #Paris2024 
GO NA TALAGA.",https://twitter.com/TeamNationalU,https://twitter.com/TeamNationalU/status/1350256783340707841,2021-01-18T10:30:58.523Z,#Paris2024
Thu Jan 14 10:34:12 +0000 2021,Lâ€™abattage des arbres de lâ€™aire des vents a commencÃ©. Lâ€™excellence environnementale Ã  la sauce #paris2024. @StephanTroussel ? @TonyEstanguet ? @Anne_Hidalgo (prÃ©sidente @SOLIDEO_JOP) ? https://t.co/H8Lvg14fAD,https://twitter.com/VigilanceJO93,https://twitter.com/VigilanceJO93/status/1349666117262970881,2021-01-18T10:30:58.523Z,#Paris2024
Mon Jan 11 09:55:56 +0000 2021,"Horizon 2024 pour lâ€™@usepnationale, avec un Ã©vÃ©nement mobilisant ses associations sur 4 ans, lâ€™appui aux labels @Generation2024 et #TerredeJeux et le volet sport des #citÃ©sÃ©ducatives. Les prÃ©cisions de #VÃ©roniqueMoreira â–¶ï¸https://t.co/NMhfWnB351 https://t.co/6Z9vbCLFJW",https://twitter.com/usepnationale,https://twitter.com/usepnationale/status/1348569325234515976,2021-01-18T10:30:58.523Z,#Paris2024
Sat Jan 16 10:52:06 +0000 2021,"@notateur il aurait fallu l'Ã©quivalent du programme Manhattan Bombe atomique 1945 mais la prioritÃ© en France #Paris2024 JO,  le vaccin Vaccin OxfordAstraZeneca pas encore homologuÃ©, on perd du temps",https://twitter.com/herodote1789,https://twitter.com/herodote1789/status/1350395398083457024,2021-01-18T10:30:58.523Z,#Paris2024
Tue Jan 12 19:00:00 +0000 2021,"PrÃªt Ã  tester avant tout le monde les futurs sites des Jeux de #Paris2024 ğŸ˜ ?

Ã‡a commence maintenant : viens vivre une journÃ©e dans la peau d'un athlÃ¨te olympique au vÃ©lodrome de Saint-Quentin-en-Yvelines ğŸš´

Seulement sur le #ClubParis2024 : https://t.co/SHovZoboop https://t.co/4cAYyxfRVG",https://twitter.com/Paris2024,https://twitter.com/Paris2024/status/1349068630441537536,2021-01-18T10:30:58.523Z,#Paris2024
Fri Jan 15 08:00:20 +0000 2021,"Pour faire des Jeux Olympiques de @Paris2024 une vitrine des mobilitÃ©s innovantes, un appel Ã  innovations est ouvert jusqu'au 10 fÃ©vrier 2021
ğŸ‘‰ En savoir plus : https://t.co/Nnekq6Iw7g #Paris2024 #SSD93 https://t.co/9uZJnEgTCh",https://twitter.com/seinesaintdenis,https://twitter.com/seinesaintdenis/status/1349989781338468353,2021-01-18T10:30:58.523Z,#Paris2024
Thu Jan 14 08:49:03 +0000 2021,"#ULIFrance2020

Anne Mie Depuydt, uapS Architectes. 

Â«Â Ãlot Quinconce, câ€™est le pivot du projet #Olympique de #Paris2024. Il offre une qualitÃ© de vie pour les athlÃ¨tes, mais cette qualitÃ© doit Ãªtre pÃ©renne pour les futurs habitants.Â Â» https://t.co/mwqk3GWnlr",https://twitter.com/ULIFrance,https://twitter.com/ULIFrance/status/1349639653255749633,2021-01-18T10:30:58.523Z,#Paris2024
Mon Jan 11 11:10:00 +0000 2021,"On compte les jours avant les Jeux Olympiques et Paralympiques. #Paris2024
""En 2020 le sport nous a manquÃ©, en 2021 le sport nous rassemblera Ã  nouveau !"" ğŸ’ª

#SportPourTous #MondayMotivation",https://twitter.com/CE_LoireCentre,https://twitter.com/CE_LoireCentre/status/1348587961680478218,2021-01-18T10:30:58.523Z,#Paris2024
Sun Jan 17 11:02:17 +0000 2021,@LaCroix #Paris2024 : 25 milliards â‚¬ https://t.co/JkgRhXS2EN,https://twitter.com/herodote1789,https://twitter.com/herodote1789/status/1350760347439919108,2021-01-18T10:30:58.523Z,#Paris2024
Sat Jan 16 15:00:01 +0000 2021,What's the coolest thing you did last week in crypto?,https://twitter.com/RyanSAdams,https://twitter.com/RyanSAdams/status/1350457786874806273,2021-01-18T10:30:58.523Z,#Paris2024
Wed Jan 13 17:15:02 +0000 2021,"Rdv dans les coulisses du ComitÃ© dâ€™Organisation des Jeux #Olympiques et #Paralympiques de #Paris2024. 

Plus de 4 000 personnes qui y travailleront Ã  horizon 2024. Et si c'Ã©tait vous ? DÃ©couvrez les opportunitÃ©s ! 

https://t.co/tWi3ywhTGT
--
cc @FRAparalympique @Paris2024",https://twitter.com/stephaneriviere,https://twitter.com/stephaneriviere/status/1349404603255812100,2021-01-18T10:30:58.523Z,#Paris2024
Thu Jan 14 17:23:05 +0000 2021,"EntraÃ®nement de technique de course @INSEP_PARIS #placement #piedğŸ¦¶ 

FrÃ©quence / Amplitude / gestion des phases de dÃ©cÃ©lÃ©ration et accÃ©lÃ©ration 

De trÃ¨s bons progrÃ¨s suite Ã  quelques sÃ©ances sous lâ€™Å“il expert de @guy_ontanon ğŸ‡«ğŸ‡· #olympique #tokyo2021 #paris2024 @FranceRugby ğŸ‰ https://t.co/6KVjBKcSGb",https://twitter.com/JulienRobineau,https://twitter.com/JulienRobineau/status/1349769014717915136,2021-01-18T10:30:58.523Z,#Paris2024
Thu Jan 14 09:57:02 +0000 2021,"La Liga Nacional de KÃ¡rate, primera cita del aÃ±o para LucÃ­a SÃ¡nchez
https://t.co/ngxkdL44Jc
#karate2024 #paris2024 #olympickarate #mrprepor #deporteseguro #solucion https://t.co/HLalH9yEXO",https://twitter.com/mrprepor,https://twitter.com/mrprepor/status/1349656765420478466,2021-01-18T10:30:58.523Z,#Paris2024
Thu Jan 14 19:58:22 +0000 2021,"Arranca la nueva temporada del kÃ¡rate espaÃ±ol con las Ligas Nacionales
https://t.co/rSRksubzVd
#karate2024 #paris2024 #olympickarate #mrprepor #deporteseguro #solucion https://t.co/ZCEA3or4f9",https://twitter.com/mrprepor,https://twitter.com/mrprepor/status/1349808092498767876,2021-01-18T10:30:58.523Z,#Paris2024
Thu Jan 14 09:37:46 +0000 2021,"C'est dans 1 des zones les + polluÃ©es de France, que se tiendra une partie des Ã©preuves olympiques. 
Un nouveau quartier (majoritÃ© de bureaux pour environ 500 logements) doit naÃ®tre aprÃ¨s #paris2024.
AprÃ¨s une derniÃ¨re ""concertation"", les permis de construire seront validÃ©s. https://t.co/W7Y95I1GXy",https://twitter.com/VigilanceJO93,https://twitter.com/VigilanceJO93/status/1349651914238128135,2021-01-18T10:30:58.523Z,#Paris2024
Fri Jan 15 19:22:00 +0000 2021,"Good News :  Rueil-Malmaison et le RAC se sont portÃ©s candidat pour Ãªtre dÃ©signÃ©s Centre de PrÃ©paration pour les JO et le Vert Bois a Ã©tÃ© retenu pour accueillir le Tennis.
#fiers #terredejeux #jo2024 #paris2024 https://t.co/keEidMW3Jd",https://twitter.com/RueilACTennis,https://twitter.com/RueilACTennis/status/1350161328782991361,2021-01-18T10:30:58.523Z,#Paris2024
Tue Jan 12 08:46:27 +0000 2021,"22.000m3 : c'est l'estimation du volume total de #bois utilisÃ© pour la #construction des ouvrages dÃ©diÃ©s aux JO de #paris2024 ! 

Pour en savoir plus sur le point d'Ã©tape de @2024Bois, lisez l'article @LeBoisInter : https://t.co/LTtPmFVehg

#eurobois #filierebois #logements https://t.co/ah5t2VjJVc",https://twitter.com/Eurobois2020,https://twitter.com/Eurobois2020/status/1348914224538525698,2021-01-18T10:30:58.523Z,#Paris2024
Fri Jan 15 08:42:31 +0000 2021,"PrÃªt Ã  tester avant tout le monde les futurs sites des Jeux de #Paris2024 ğŸ˜ ?

Le Club recherche 10 membres pour tester le vÃ©lodrome de Saint-Quentin-en-Yvelines dans la peau d'un athlÃ¨te olympique ğŸš´

Pour participer : https://t.co/SHovZoboop https://t.co/UVvDUO3nma",https://twitter.com/Paris2024,https://twitter.com/Paris2024/status/1350000398996799488,2021-01-18T10:30:58.523Z,#Paris2024
Tue Jan 12 08:00:21 +0000 2021,"#CAO | Le Centre Aquatique Olympique sera un Ã©lÃ©ment majeur de lâ€™hÃ©ritage de #Paris2024. Il verra le jour sur le site de la Plaine Saulnier qui deviendra un quartier de ville. Une participation du public par voie Ã©lectronique est menÃ©e du 19/01 au 19/02
 https://t.co/2qf4Kw8cXn https://t.co/CB6YskUnNC",https://twitter.com/PlaineCommune,https://twitter.com/PlaineCommune/status/1348902623437598721,2021-01-18T10:30:58.523Z,#Paris2024
Tue Jan 12 16:46:17 +0000 2021,Un mois seulement pour dÃ©cider des amÃ©nagements #paris2024 et post 2024. Les documents ne sont pas en ligne lors que câ€™Ã©tait une demande des garants @CNDPDebatPublic. Une concertation de faÃ§ade pour commencer les travaux au plus vite,https://twitter.com/VigilanceJO93,https://twitter.com/VigilanceJO93/status/1349034979754389506,2021-01-18T10:30:58.523Z,#Paris2024
Mon Jan 11 11:13:42 +0000 2021,"#entreprisesAdaptÃ©s #ESAT rÃ©pondez au marchÃ© de @Paris2024 - reprographie, impression, supports de communication
@ESS2024",https://twitter.com/AurelieToyon,https://twitter.com/AurelieToyon/status/1348588891796893696,2021-01-18T10:30:58.523Z,#Paris2024
Sun Jan 10 20:29:05 +0000 2021,@gros_mathilde @Nicogeay @enkounia @enkounia comme entraÃ®neur et @RousseauFloFlo comme DTN pour prÃ©parer #paris2024 ğŸ’ªğŸ’ª,https://twitter.com/TristanRoussea2,https://twitter.com/TristanRoussea2/status/1348366273403629571,2021-01-18T10:30:58.523Z,#Paris2024
Mon Jan 11 08:56:38 +0000 2021,"[ğŸ—ï¸CHANTIER D'EXCEPTION] D'ici 2024, RTE mettra en souterrain 15km de lignes surplombant les communes de Villeneuve-La-Garenne, Saint-Denis &amp; L'Ãle-Saint-Denis. 
8âƒ£1âƒ£ ha seront libÃ©rÃ©s pour de nouveaux projets d'amÃ©nagement
A dÃ©couvrir en vidÃ©o ğŸ‘‡
@Spiebatignolles @SOLIDEO_JOP https://t.co/dCh4CYnYxh",https://twitter.com/RTE_idfn,https://twitter.com/RTE_idfn/status/1348554398042120193,2021-01-18T10:30:58.523Z,#Paris2024
Sat Jan 16 00:20:32 +0000 2021,Napaka-laking sayang! Ano? Si Jaja naman next na sasayangin niyo?,https://twitter.com/BasherGalore,https://twitter.com/BasherGalore/status/1350236459714793472,2021-01-18T10:30:58.523Z,#Paris2024
Wed Jan 13 21:00:27 +0000 2021,#TiroDeportivo Apunta Gabriela MartÃ­nez a Juegos OlÃ­mpicos de #ParÃ­s2024 https://t.co/hyudAfFedB,https://twitter.com/DxTDigitalGto,https://twitter.com/DxTDigitalGto/status/1349461328856047616,2021-01-18T10:30:58.523Z,#Paris2024
Thu Jan 14 10:06:18 +0000 2021,"#ULIFrance2020

Pour conclure ces Ã©changes, retrouvez lâ€™inÃ©galable @RyadhSallem qui partagera son expÃ©rience des Jeux et sa vision en tant quâ€™Ambassadeur #Paris2024.

#rÃ©gÃ©nÃ©rationurbaine #urbanisme #immobilier https://t.co/7mk1E7JHui",https://twitter.com/ULIFrance,https://twitter.com/ULIFrance/status/1349659097486995457,2021-01-18T10:30:58.523Z,#Paris2024
Wed Jan 13 09:24:24 +0000 2021,"3 ans et 194 jours avant les Jeux Olympiques ğŸ‡«ğŸ‡·
3 ans et 227 jours avant les Jeux Paralympiques #Paris2024 
https://t.co/B31s5cJMM9",https://twitter.com/FranceSlovenie,https://twitter.com/FranceSlovenie/status/1349286164138749954,2021-01-18T10:30:58.523Z,#Paris2024
Wed Jan 13 17:30:07 +0000 2021,"Activite plein air pour nos lycÃ©ens avec l'association sportive du lycÃ©e @UNSSToulouse : sortie raquettes au col de
Couraduque Val d Azun @DepartementHaPy @Occitanie #Paris2024 @EpsToulouse https://t.co/jLxAVsD4lU",https://twitter.com/Lautreamont65,https://twitter.com/Lautreamont65/status/1349408397091876866,2021-01-18T10:30:58.523Z,#Paris2024
Mon Jan 11 09:16:23 +0000 2021,"On commence la semaine avec le beau sourire de notre Team Handisport ğŸ˜€ 
@AlenconK @CarlierMickal2 Mathieu Bosredon, David Calmon, Valentin Sicot et Florian Bouziani

Let's start the week with our paracycling Team ğŸ˜Š 
#Cofidismyteam https://t.co/HVqSWDt701",https://twitter.com/TeamCOFIDIS,https://twitter.com/TeamCOFIDIS/status/1348559371194822656,2021-01-18T10:30:58.523Z,#Paris2024
Mon Jan 11 16:37:15 +0000 2021,Our Fearless #MarathonSailing team members @Jesse_Fielding and @FraClapcich compete to qualify for the #Paris2024 Olympics. Follow their latest developments on our Marathon Sailing news room.,https://twitter.com/StateStreet,https://twitter.com/StateStreet/status/1348670319788224520,2021-01-18T10:30:58.523Z,#Paris2024
Tue Jan 12 19:01:51 +0000 2021,La plus belle avenue du monde #Paris2024 #AnneHidalgo,https://twitter.com/marc_kotlowski,https://twitter.com/marc_kotlowski/status/1349069094671314947,2021-01-18T10:30:58.523Z,#Paris2024
Fri Jan 15 09:15:06 +0000 2021,"ğŸ“° DÃ©couvrez les derniÃ¨res nouvelles du #VillagedesMÃ©dias, et notamment la stratÃ©gie environnementale, tournÃ©e vers la biodiversitÃ©, mise en Å“uvre dans lâ€™amÃ©nagement du futur quartier. ğŸŒ¿  

@SeineSaintDenis #VilleDurable #Paris2024
https://t.co/LwdiDFDN4K ğŸ‘‡",https://twitter.com/SOLIDEO_JOP,https://twitter.com/SOLIDEO_JOP/status/1350008597430861826,2021-01-18T10:30:58.523Z,#Paris2024
Wed Jan 13 10:50:15 +0000 2021,"""Ces travaux permettront de dessiner des rÃ©ponses de court terme mais Ã©galement de poser les bases de la future loi de programmation de la sÃ©curitÃ© intÃ©rieure pour 2022"" #SÃ©curitÃ©IntÃ©rieure #ViolencesPoliciÃ¨res #surveillance https://t.co/6KQkk2CSwX",https://twitter.com/asimpere,https://twitter.com/asimpere/status/1349307766540824579,2021-01-18T10:30:58.523Z,#Paris2024
Sat Jan 16 12:46:29 +0000 2021,"â„ï¸ â„ï¸â„ï¸
@TeamCOFIDIS vous Ãªtes mieux en ğŸ‡ªğŸ‡¸...
La prÃ©paration continue...
#Cofidismyteam #uci_para #cycling #Paris2024 #Tokyo2021 https://t.co/VvAWoo5oxb",https://twitter.com/CarlierMickal2,https://twitter.com/CarlierMickal2/status/1350424180756508672,2021-01-18T10:30:58.523Z,#Paris2024
Fri Jan 15 15:25:58 +0000 2021,"@RoxaMaracineanu @Sports_gouv @lequipe Et lÃ , je crois que les mesures financiÃ¨res promises ne suffiront pas.
Nous nous dirigeons vers l'abandon du sport par les pratiquants et la mort de nombreux clubs.
#Paris2024 se fera sur le cimetiÃ¨re du sport amateur.",https://twitter.com/philnicolas49,https://twitter.com/philnicolas49/status/1350101928978620416,2021-01-18T10:30:58.523Z,#Paris2024
Sat Jan 16 06:53:39 +0000 2021,"Rdv 23 janvier Ã  10h15 pour un Toxic Tour #paris2024 dans le futur quartier du centre aquatique olympique. Dans une des zones les + polluÃ©es de France : 500 logements environ, une Ã©cole dans un ""chÃ¢teau-fort"" de bureaux pour se protÃ©ger des autoroutes ! Un non-sens urbanistique ! https://t.co/5eks1rez2L",https://twitter.com/VigilanceJO93,https://twitter.com/VigilanceJO93/status/1350335388141936640,2021-01-18T10:30:58.523Z,#Paris2024
Thu Jan 14 11:44:40 +0000 2021,Câ€™est lâ€™heure des cartons ğŸ“¦ ! BientÃ´t un nouveau chapitre et un nouveau bureau #Paris2024 au cÅ“ur de la @seinesaintdenis. Cinq annÃ©es et beaucoup de souvenirs ici ğŸ¥² https://t.co/zMOw5lVg2r,https://twitter.com/RaphLeclerc,https://twitter.com/RaphLeclerc/status/1349683848410509319,2021-01-18T10:30:58.523Z,#Paris2024
Thu Jan 14 08:36:23 +0000 2021,"#ULIFrance2020

@Ferrand_N, Directeur GÃ©nÃ©ral ExÃ©cutif de @SOLIDEO_JOP :
Â«Â On peut en 6 ans, en #France, faire de grands projets.Â Â» https://t.co/mjmqJuKhLi",https://twitter.com/ULIFrance,https://twitter.com/ULIFrance/status/1349636466855575553,2021-01-18T10:30:58.523Z,#Paris2024
Wed Jan 13 21:19:25 +0000 2021,"La danse Hip-Hop a cette capacitÃ© de rassembler des jeunes diffÃ©rents autour d'une esthÃ©tique d'expression, de les amener Ã  la performance, de donner un formidable spectacle au public, et dans le cas du @OfficialHHI d'Ãªtre une compÃ©tition internationale. #breakingauxJO2024",https://twitter.com/BeaOdunlami,https://twitter.com/BeaOdunlami/status/1349466102225661953,2021-01-18T10:30:58.523Z,#Paris2024
Fri Jan 15 20:29:47 +0000 2021,"@lauther04 Depuis 26 ans dans le quartier j'assiste impuissant au naufrage. Rue du Temple je pense qu'il n'existe plus un seul immeuble, un seule magasin qui ne soit tagguÃ©. Visiblement aucun plan de @MParisCentre pour que cela change https://t.co/BbxF2p2E7R",https://twitter.com/Maverick75003,https://twitter.com/Maverick75003/status/1350178386572947456,2021-01-18T10:30:58.523Z,#Paris2024
Wed Jan 13 21:35:10 +0000 2021,En route pour #Tokyo2020 #paris2024 ğŸ’ªğŸ»ğŸ’ªğŸ¼ğŸ’ªğŸ½ğŸ’ªğŸ¾ğŸ’ªğŸ¿ ğŸ‡«ğŸ‡·,https://twitter.com/btraineau,https://twitter.com/btraineau/status/1349470066446917639,2021-01-18T10:30:58.523Z,#Paris2024
Sat Jan 16 12:55:24 +0000 2021,TrÃ¨s content de rejoindre le comitÃ© directeur de la @FF_Hockey au cÃ´tÃ© de la liste RÃ©ussir avec les Clubs. Isabelle Jouin une femme Ã  la prÃ©sidence dâ€™une fÃ©dÃ©ration olympique pour 2024 ! #Paris2024  #Hockey2024 . En avant ğŸ‘ https://t.co/zU8T2jOTcQ,https://twitter.com/RemiDhalluin,https://twitter.com/RemiDhalluin/status/1350426426214903809,2021-01-18T10:30:58.523Z,#Paris2024
Sat Jan 16 16:43:30 +0000 2021,"#Paris2024 a dÃ©jÃ  commencÃ© 
ğŸ¤£ğŸ¤£ğŸ¤£",https://twitter.com/AbdellahBOUDOUR,https://twitter.com/AbdellahBOUDOUR/status/1350483829069377538,2021-01-18T10:30:58.523Z,#Paris2024
Wed Jan 13 15:53:27 +0000 2021,Excellente discussion avec Tony Estanguet oÃ¹ j'ai pu  Ã©voquer avec d'autres acteurs de terrain des projets dans le cadre de l'hÃ©ritage des jeux de Paris 2024!                                                              #Paris2024 https://t.co/lfZKNwQV5U,https://twitter.com/Dawari_HORSFALL,https://twitter.com/Dawari_HORSFALL/status/1349384069478555651,2021-01-18T10:30:58.523Z,#Paris2024
Mon Jan 11 07:30:40 +0000 2021,"Projet pour rendre les Champs-ElysÃ©es plus verte. VÃ©gÃ©taliser le quartier contribuera Ã  environnement moins bruyant et moins polluÃ©, atteindre les objectifs de carbone nul, et combattre l'effet de l'Ã®lot de chaleur urbain
#ChampsElysÃ©es #Paris2024 https://t.co/vzmqD0DnDw",https://twitter.com/dejaskitalica,https://twitter.com/dejaskitalica/status/1348532766611300352,2021-01-18T10:30:58.523Z,#Paris2024
Sun Jan 10 18:55:41 +0000 2021,"Luz verde a la ambiciosa transformaciÃ³n para recuperar los Champs-Ã‰lysÃ©es antes de #Paris2024.

- Espacio para vehÃ­culos
+ Espacio para peatÃ³n
+ Zonas verdes
+ Calidad del aire
+ Habitabilidad ğŸŒ¿

Una vez mÃ¡s, chapeau @Anne_Hidalgo!",https://twitter.com/a1bertopadilla,https://twitter.com/a1bertopadilla/status/1348342766493962242,2021-01-18T10:30:58.523Z,#Paris2024
Mon Jan 11 20:58:32 +0000 2021,"Plus qâ€™une Ã©quipe, une famille, tous en direction des sommets de lâ€™Olympe en 2021...

@teamcofidis #cofidismyteam 

#paracycling #uci_para #tokyo2021 #paris2024 

@derosabikes @naliniciclo @michelinbicycle @namedsport @ekoicycling @campagnolosrl @fulcrum_wheels @vision_tech_usa",https://twitter.com/CarlierMickal2,https://twitter.com/CarlierMickal2/status/1348736070557511681,2021-01-18T10:30:58.523Z,#Paris2024
Mon Jan 11 08:35:03 +0000 2021,La organizaciÃ³n de #ParÃ­s2024 espera que se movilicen hasta 150 000 puestos de trabajo y espera aprovecharlo para colaborar con las partes interesadas a fin de ofrecer mÃ¡s cursos de formaciÃ³n y vÃ­as de #empleo para personas con discapacidad https://t.co/iOCmNrOO6q | @Paralimpicos https://t.co/W8NPuoXrK2,https://twitter.com/FEACEM,https://twitter.com/FEACEM/status/1348548967924183041,2021-01-18T10:30:58.523Z,#Paris2024
Tue Jan 12 11:10:00 +0000 2021,"#Paris2024 ha anunciado los 55 proyectos que financiarÃ¡ con â‚¬1.7 millones como legado deportivo a raÃ­z de sus #JuegosOlÃ­mpicos. Se trata de proyectos que usarÃ¡n el deporte como herramienta para el impacto social. Han sido elegidos entre las propuestas de federaciones, clubs, etc https://t.co/PidDUKQqkW",https://twitter.com/HistoriasdlosJJ,https://twitter.com/HistoriasdlosJJ/status/1348950349403459586,2021-01-18T10:30:58.523Z,#Paris2024
Thu Jan 14 10:03:37 +0000 2021,"#ULIFrance2020

 Comment atteindre un paradigme circulaire ? 

ğŸ‘‰ğŸ» Avec le BÃ¢timent Cycle, un modÃ¨le imaginÃ© par @Icade_Officiel, @CDC_Habitat et @caissedesdepots. https://t.co/PRl74tUvqK",https://twitter.com/ULIFrance,https://twitter.com/ULIFrance/status/1349658421151330306,2021-01-18T10:30:58.523Z,#Paris2024
Thu Jan 14 14:10:11 +0000 2021,"#Trappes, en son gymnase Paul Mahier, devrait recevoir les athlÃ¨tes de Gymnastique artistique et #SQY, en son @IledeLoisirs, ceux du concours complet de chevaux.
#Paris2024",https://twitter.com/DumouchyS,https://twitter.com/DumouchyS/status/1349720470640340993,2021-01-18T10:30:58.523Z,#Paris2024
Tue Jan 12 11:00:32 +0000 2021,"#Paris2024 | ğŸš§ Le #VillageDesAthlÃ¨tes poursuit sa sortie de terre ! Pour suivre la rÃ©alisation des travaux, la @SOLIDEO_JOP met Ã  votre disposition un guide complet en ligne â¤µ
 https://t.co/vgXQo7l841",https://twitter.com/PlaineCommune,https://twitter.com/PlaineCommune/status/1348947967059881985,2021-01-18T10:30:58.523Z,#Paris2024
Sun Jan 17 10:11:40 +0000 2021,Inscris-toi au Club Paris 2024 pour cumuler des points et tenter de gagner une place au marathon ! Code parrainage GmQ00j â¦@Paris2024â© #Paris2024 #marathon ğŸƒğŸ»â€â™‚ï¸ https://t.co/FBDGRVwn7F,https://twitter.com/tof94,https://twitter.com/tof94/status/1350747607975530496,2021-01-18T10:30:58.523Z,#Paris2024
Tue Jan 12 09:30:04 +0000 2021,"ğŸ†’ @Paris2024 construit actuellement son Ã©quipe

Vous voulez participer Ã  une aventure extraordinaire et intÃ©grer une Ã©quipe de choc ?!
Vous pensez pouvoir vous surpasser ?...

Consultez toutes les offres ici â¤µ
https://t.co/LCbg4OFFI0

#Paris2024 https://t.co/IsuFDqsdUx",https://twitter.com/CROS_Normandie,https://twitter.com/CROS_Normandie/status/1348925201900331010,2021-01-18T10:30:58.523Z,#Paris2024
Thu Jan 14 16:45:08 +0000 2021,"#1Jour1Ouvrage

PortÃ© par le maÃ®tre d'ouvrage @RTE_idfn, l'enfouissement de 15km de lignes Ã©lectriques est mis en Å“uvre avec la crÃ©ation dâ€™un tunnel Ã  40 m de profondeur et de 2,5 km de long sur 3 communes : @Ileentransition, @VilleSaintDenis et @villeneuve_92

#Paris2024
 
1/3 https://t.co/JkbThvZB4J",https://twitter.com/SOLIDEO_JOP,https://twitter.com/SOLIDEO_JOP/status/1349759465747320842,2021-01-18T10:30:58.523Z,#Paris2024
Thu Jan 14 22:16:16 +0000 2021,"@RaphLeclerc @frenchsamsam @Anais_84 @Lachens1 @Brun_Benj Et si #Paris2024 Ã©tait rÃ©ellement soucieux de l' #ecologie ? 
En protÃ©geant par exemple les jardins ouvriers d'#Aubervilliers menacÃ©s par une piscine financÃ©e par la @SOLIDEO_JOP",https://twitter.com/Paris_nature,https://twitter.com/Paris_nature/status/1349842798829330433,2021-01-18T10:30:58.523Z,#Paris2024
Mon Jan 11 11:49:51 +0000 2021,"Bravo aux collÃ¨gues du 1er degrÃ© @usepnationale @usepvm @benoitlasnier77 
#horizon2024 #paris2024",https://twitter.com/mehdi_rahoui,https://twitter.com/mehdi_rahoui/status/1348597993163935744,2021-01-18T10:30:58.523Z,#Paris2024
Wed Jan 13 11:55:21 +0000 2021,"Pour @Anne_Hidalgo lâ€™annÃ©e qui sâ€™ouvre est une promesse qui ne peut Ãªtre dÃ©Ã§ue et elle fustige la tentation de refaire Ã  lâ€™identique. Mais les JO #Paris2024 câ€™est lâ€™ancien monde, le modÃ¨le de la fÃªte antiÃ©colo des sponsors, il faut les annuler !",https://twitter.com/Simonnet2,https://twitter.com/Simonnet2/status/1349324149567725568,2021-01-18T10:30:58.523Z,#Paris2024
Wed Jan 13 11:54:05 +0000 2021,"@Anne_Hidalgo a dÃ©fendu dans ses vÅ“ux les services publics, patrimoine commun de ceux qui nâ€™en nâ€™ont pas. Mais pourquoi avoir privatisÃ© le crÃ©matorium du PÃ¨re Lachaise, la Gare du Nord, ne pas remunicipaliser la collecte des dÃ©chets et financer les crÃ¨ches confessionnelles ?",https://twitter.com/Simonnet2,https://twitter.com/Simonnet2/status/1349323832964820992,2021-01-18T10:30:58.523Z,#Paris2024
Thu Jan 14 09:17:50 +0000 2021,"Les Masters de Doha ont Ã©tÃ© une rÃ©ussite pour nos Bleus. Un beau moyen de fÃªter l'arriver de @steph_nomis Ã  la tÃªte de @ffjudo_officiel ğŸ‘
Le nouveau prÃ©sident s'est exprimÃ© dans notre magazine de janvier ğŸ‘‡

@INSEP_PARIS #judo #paris2024
https://t.co/mKIkT8hNnI",https://twitter.com/SPORTMAG_fr,https://twitter.com/SPORTMAG_fr/status/1349646898106413056,2021-01-18T10:30:58.523Z,#Paris2024
Mon Jan 18 09:47:58 +0000 2021,"Encore plus nombreux! ğŸš€ğŸŒ¸
On est dÃ©sormais 40 000 cavaliÃ¨res et cavaliers chez Horse Republic, portÃ©s par le besoin de moderniser notre sport et lâ€™envie dâ€™Ãªtre plus proches et plus solidairesğŸ´ 
We are breaking barriers

#paris2024 #sportfeminin #equitation #ministeredessports https://t.co/9RoCA603fP",https://twitter.com/horserepublic,https://twitter.com/horserepublic/status/1351104033008873476,2021-01-18T10:30:58.523Z,#Paris2024
Wed Jan 13 15:45:18 +0000 2021,"ğŸ“· Le chantier du #VillagedesathlÃ¨tes se poursuit : un enrobÃ© Ã©co-responsable, dÃ©veloppÃ© par @Eurovia, composÃ© Ã  50% de matÃ©riaux recyclÃ©s, a Ã©tÃ© appliquÃ© par Emulithe sur la rue des Villas au cÅ“ur de la @villesaintouen. â™»ï¸ 

#VilleDurable #Paris2024 https://t.co/UqK8qaEuhd",https://twitter.com/SOLIDEO_JOP,https://twitter.com/SOLIDEO_JOP/status/1349382021341208576,2021-01-18T10:30:58.523Z,#Paris2024
Tue Jan 12 09:21:01 +0000 2021,"AprÃ¨s une annÃ©e 2020 riche, un grand nombre de projets occuperont OdF en 2021 : la prÃ©paration des JO de #Paris2024, le renforcement de la place des ostÃ©opathes exclusifs au sein de notre mÃ©tier, la #PPLSantÃ©... Suivez-nous toute au long de lâ€™annÃ©e ! #2021 #bonneannÃ©e https://t.co/N4hvkUHCAJ",https://twitter.com/OsteosFrance,https://twitter.com/OsteosFrance/status/1348922922317074434,2021-01-18T10:30:58.523Z,#Paris2024
Tue Jan 12 11:44:45 +0000 2021,"#PlusDeSportAuFeminin en 2021, passion amorti pour en voir encore plus par @fioferro                              https://t.co/gg4Ac9PDmQ.                        Et vous @p_minjo @Arnaud_Valadon @BoyerAnne câ€™est quoi votre coup de cÅ“ur de sport fÃ©minin ?",https://twitter.com/XtelXmas,https://twitter.com/XtelXmas/status/1348959093776646147,2021-01-18T10:30:58.523Z,#Paris2024
Wed Jan 13 17:07:22 +0000 2021,"Projet passionnant en collaboration avec lâ€™INSEP et les fÃ©dÃ©rations franÃ§aises dâ€™athlÃ©tisme et des sports de glace ğŸ’¥ ğŸ‡«ğŸ‡· âš¡ï¸ â¦@INSEP_PARISâ© â¦@FranceRugbyâ© â¦@FFAthletismeâ© â¦@ffsportsdeglaceâ©

#Fulgur2024 #Tokyo2020 #Paris2024 https://t.co/VYKHvkwx62",https://twitter.com/JulienRobineau,https://twitter.com/JulienRobineau/status/1349402670637977600,2021-01-18T10:30:58.523Z,#Paris2024
Wed Jan 13 16:10:57 +0000 2021,"Mayor of #Paris #AnneHidalgo said the transformation of Champs-Ã‰lysÃ©es was one of several projects set to take place before and after the @Paris2024 #Olympic and #Paralympic Games    

https://t.co/VH2O44aQz4 #Paris2024 #France",https://twitter.com/insidethegames,https://twitter.com/insidethegames/status/1349388476291145730,2021-01-18T10:30:58.523Z,#Paris2024
Mon Jan 18 00:11:19 +0000 2021,"https://t.co/T4mhBx5Mtg
IOC, #Japan #Olympics organizer reportedly seek passing on #Tokyo2021 to 2024, #Paris2024 to 2028, and #LUX2028 to 2032.
Seriously? 
#æ±äº¬äº”è¼ª2024ï¼Ÿ",https://twitter.com/yasmina720,https://twitter.com/yasmina720/status/1350958916427984908,2021-01-18T10:30:58.523Z,#Paris2024
Mon Oct 05 08:00:14 +0000 2020,"Les Centres de PrÃ©paration aux Jeux (CPJ) seront les lieux dâ€™accueil des athlÃ¨tes olympiques et paralympiques et de leur staff pendant leur pÃ©riode de prÃ©paration aux Jeux de #Paris2024, entre lâ€™Ã©tÃ© 2021 et lâ€™Ã©tÃ© 2024 ğŸ‹ï¸â€â™€ï¸ğŸ¤¾â€â™‚ï¸ğŸ¤ºğŸš´â€â™€ï¸ 
2/4 https://t.co/9NU71BZr2t",https://twitter.com/Paris2024,https://twitter.com/Paris2024/status/1313026197106888704,2021-01-18T10:30:58.523Z,#Paris2024
Tue Jan 12 08:13:55 +0000 2021,"ğŸŒ³ğŸŒ±ğŸŒ¾ Des Champs Ã‰lysÃ©es du 21Ã¨me siÃ¨cle : â• dâ€™espaces verts avec un nouveau jardin, â• de 360 nouveaux arbres plantÃ©s &amp; â– de voitures pour faciliter lâ€™agrÃ©ment des https://t.co/ashUJ8Hd1s.s et des promeneurs.euses. 
Un beau projet pour #Paris2024 !

https://t.co/GGaKIY5c6s https://t.co/HH32Dy28GP",https://twitter.com/Cyri_Paris,https://twitter.com/Cyri_Paris/status/1348906038150508544,2021-01-18T10:30:58.523Z,#Paris2024
Mon Jan 11 19:43:12 +0000 2021,"Livraison fiable et sÃ©curisÃ©ğŸcommandez via ğŸ‘‡
Wirckr me:heazyplug420
#psg #saintdenis #paris #france #weed #paris10 #parisjetaime #monacoÂ  #paris2024 #QuÃ©bec #Bordeaux #Montpellier #lemans #toulouse #conserts #festivals #franceverte #hautsdefrance #proverbe https://t.co/ri96F3sS4V",https://twitter.com/WeedDistributor,https://twitter.com/WeedDistributor/status/1348717111720505346,2021-01-18T10:30:58.523Z,#Paris2024
Mon Jan 18 09:17:07 +0000 2021,"Sandra SÃ¡nchez, infalible, se hace con la primera Liga Iberdrola de 2021
https://t.co/olGyXosWrE
#karate2024 #paris2024 #olympickarate #mrprepor #deporteseguro #solucion https://t.co/B5c3o5CqbA",https://twitter.com/mrprepor,https://twitter.com/mrprepor/status/1351096267653472256,2021-01-18T10:30:58.523Z,#Paris2024
Fri Jan 15 19:05:41 +0000 2021,@julienbahloul En UE c'est la faute des autoritÃ©s UE et des pays comme le GVT Macron. Il fallait un programme Manhattan sanitaire mais en France on prÃ©fÃ¨re #Paris2024 JO 25 milliards â‚¬ https://t.co/8yQVXhuuvz,https://twitter.com/herodote1789,https://twitter.com/herodote1789/status/1350157222425276419,2021-01-18T10:30:58.523Z,#Paris2024
Tue Jan 12 15:16:15 +0000 2021,"â¬‡ï¸ Vous avez oubliÃ© les vendeurs Ã  la sauvette, les picks-pokets, les rats, les SDF.... 
Cette vidÃ©o. C'est le #Paris des Bizounours ğŸ˜‚
#parispoubelle #Paris2024",https://twitter.com/NaomyJoly,https://twitter.com/NaomyJoly/status/1349012322287816707,2021-01-18T10:30:58.523Z,#Paris2024
Fri Jan 15 18:33:10 +0000 2021,"ğŸ”´ALERTE INFO - Covid-19: le gouvernement annonce ""une forte baisse"" des livraisons Pfizer et devra ""ajuster le rythme des vaccinations""
https://t.co/3gY8WpKDeK https://t.co/w4byNAkATl",https://twitter.com/BFMTV,https://twitter.com/BFMTV/status/1350149042710450178,2021-01-18T10:30:58.523Z,#Paris2024
Sun Jan 10 09:52:01 +0000 2021,RedÃ©couvrir la faÃ§ade rÃ©novÃ©e de la mairie de #Paris10 par un beau soleil hivernal ! https://t.co/iDHQQmaXWX,https://twitter.com/Cyri_Paris,https://twitter.com/Cyri_Paris/status/1348205950998630401,2021-01-18T10:30:58.523Z,#Paris2024
Mon Jan 18 10:09:53 +0000 2021,"@Anne_Hidalgo je pensais qu'on utiliserait la Seine pour les Ã©preuves olympique. Pourquoi bÃ©tonner des zones vertes alors que vous aviez dit que qu'elles auraient lieu dans la Seine ?
#Paris2024 
#Paris #JardinsOuvriers #Depenses #JeuxOlympiques #Natation #Nature #Beton https://t.co/4uM7ZL4sWM",https://twitter.com/PeterVeg1,https://twitter.com/PeterVeg1/status/1351109550288613376,2021-01-18T10:30:58.523Z,#Paris2024
Tue Jan 12 11:14:02 +0000 2021,"ğŸ‡«ğŸ‡· FLASH - VoilÃ  Ã  quoi devraient ressembler les #ChampsElysees dâ€™ici 2024. Des travaux vont Ãªtre entrepris sur la Place de la #Concorde, puis sur la cÃ©lÃ¨bre avenue avant les #JO2024. (Le Parisien) #Paris https://t.co/GXVaCL8RBj",https://twitter.com/Mediavenir,https://twitter.com/Mediavenir/status/1348951367017246720,2021-01-18T10:30:58.523Z,#Paris2024
Fri Jan 15 21:45:51 +0000 2021,"Paris transforme les Champs-Ã‰lysÃ©es en un espace vert 

https://t.co/yLb2DdkMQ5

#paris2024 #ChampsElysees #hidalgo",https://twitter.com/365Reusable,https://twitter.com/365Reusable/status/1350197530940874753,2021-01-18T10:30:58.523Z,#Paris2024
Tue Jan 12 17:09:27 +0000 2021,"@Mediavenir Hidalgo envisage de profiter de la crise sanitaire pour annuler les JO. La ville de Paris n'a plus les moyens de les organiser et tout ces grands projets sont de la poudre aux yeux pour sa campagne Ã©lectorale. Paris est au bord de la faillite
@Paris #paris #Paris2024",https://twitter.com/alexlaskine,https://twitter.com/alexlaskine/status/1349040809384009730,2021-01-18T10:30:58.523Z,#Paris2024
Tue Jan 12 00:23:08 +0000 2021,@Prefet56 @RoxaMaracineanu @regionbretagne @J_M_Jacques @bretagnegouv @Sports_gouv @ffkarate Le karatÃ© Ã  Paris en 2024 #JO2024 #Paris2024,https://twitter.com/Chim37Af,https://twitter.com/Chim37Af/status/1348787562513625090,2021-01-18T10:30:58.523Z,#Paris2024
Mon Jan 11 13:23:50 +0000 2021,"Sports | ğŸ¥‹
Bravo Ã  Claire et Ewan, ceinture marron de #karatÃ©, pour leur dÃ©monstration devant la ministre dÃ©lÃ©guÃ©e en charge des sports @RoxaMaracineanu Ã  lâ€™espace Satori #BernÃ© ğŸ‘ğŸ»
La relÃ¨ve est lÃ  ğŸ˜€ğŸ‘ŠğŸ»ğŸ‘ğŸ» https://t.co/UAzO4Zz1ej",https://twitter.com/Prefet56,https://twitter.com/Prefet56/status/1348621644508618753,2021-01-18T10:30:58.523Z,#Paris2024
Tue Jan 12 16:58:51 +0000 2021,@NaomyJoly Il n'y aura plus de masque,https://twitter.com/Popo57260863,https://twitter.com/Popo57260863/status/1349038140766511104,2021-01-18T10:30:58.523Z,#Paris2024
Mon Jan 11 06:44:56 +0000 2021,"Hier Ã  #Paris19, le conducteur d'un scooter a Ã©tÃ© pris Ã  partie par 2 individus qui ont tentÃ© de le lui dÃ©rober en le rouant de coups et en lui portant un coup de couteau Ã  la jambe. Rapidement sur place les ğŸ‘®â€â™€ï¸ğŸ‘®â€â™‚ï¸ ont pu interpeller les auteurs prÃ©sumÃ©s :
â†ªï¸ 2 interpellations. https://t.co/kdOfZBX6WJ",https://twitter.com/prefpolice,https://twitter.com/prefpolice/status/1348521255603994630,2021-01-18T10:30:58.523Z,#Paris2024
Wed Jan 13 11:57:39 +0000 2021,"Paris to turn champs-Ã©lysÃ©es into 'extraordinary garden' after 2024 summer Olympics. #Paris2024

https://t.co/QrCOeeqSe1",https://twitter.com/MichaelG_UK,https://twitter.com/MichaelG_UK/status/1349324729228926977,2021-01-18T10:30:58.523Z,#Paris2024
Mon Jan 18 09:35:23 +0000 2021,"Paola GarcÃ­a se cuelga el primer oro de 2021 en Alicante
https://t.co/qNAkyOWBWm
#karate2024 #paris2024 #olympickarate #mrprepor #deporteseguro #solucion https://t.co/dv5UnOdjen",https://twitter.com/mrprepor,https://twitter.com/mrprepor/status/1351100866904944641,2021-01-18T10:30:58.523Z,#Paris2024
Sun Jan 10 17:49:02 +0000 2021,"@Cyri_Paris @Anne_Hidalgo @ACORDEBARD @RemiFeraud @karen_taieb @lau_patrice @algrain_paris10 @jacquesbaudrier @Cyri_Paris nous avons des #TRILIB inutiles et disponibles #ruedemazagran !
@Paris @Mairie10Paris
@acordebard @Pauline_Joubert @dumoulin_isa @philojuillet @BertilFort @RemiFeraud @PaulSimondon @VasaLea 
#paris10 #dansmarue #pasdepoubellessousmafenetre 
#maruevismavie #paris2024",https://twitter.com/maruevismavie,https://twitter.com/maruevismavie/status/1348325994566983683,2021-01-18T10:30:58.523Z,#Paris2024
Thu Jan 14 09:51:45 +0000 2021,"Bicampeona panamericana, Alexandra Grande, vuelve a las competencias en febrero
https://t.co/s4ty957LTg
#karate2024 #paris2024 #olympickarate #mrprepor #deporteseguro #solucion https://t.co/msQjr2ns7F",https://twitter.com/mrprepor,https://twitter.com/mrprepor/status/1349655433200488451,2021-01-18T10:30:58.523Z,#Paris2024
Sun Jan 17 14:11:53 +0000 2021,Les jardins ouvriers de Pantin et d'Aubervilliers ce sont plus de 10 000 m2 de jardins nichÃ©s entre le Fort de Romainville et les CourtilliÃ¨res. Un projet de piscine olympique pour Paris 2024 menace leur existence. Nous sommes allÃ©s rencontrer des occupants pour -&gt; https://t.co/LyeIePYJpo,https://twitter.com/bonjour_pantin,https://twitter.com/bonjour_pantin/status/1350808060743319552,2021-01-18T10:30:58.523Z,#Paris2024
Sat Jan 16 15:29:17 +0000 2021,#Paris2024  https://t.co/xt3TtXxuZA,https://twitter.com/direct_victoire,https://twitter.com/direct_victoire/status/1350465152894820352,2021-01-18T10:30:58.523Z,#Paris2024
Thu Jan 14 12:07:11 +0000 2021,"@JeanCASTEX @Sante_Gouv @olivierveran @BrigBourguignon @AgnesRunacher @gouvernementFR @Prefet57 @chr_metz_thion @ars_grand_est EfficacitÃ© Ã©tatique de lutte contre la #covid_19 source https://t.co/rdbNY8lWyy  un futur tragique, une jeunesse sacrifiÃ©e, une Ã©conomie en faillite, mais #Paris2024 est prioritaire. Le GVT n'a pas voulu faire un programme Manhattan sanitaire, nous en payons le prix. #Macron https://t.co/iq2vLSwjhC",https://twitter.com/herodote1789,https://twitter.com/herodote1789/status/1349689518018932736,2021-01-18T10:30:58.523Z,#Paris2024
Wed Jan 13 11:21:55 +0000 2021,"Le pÃ´le Players est fier de vous annoncer que l'aventure de @maximevalet31  aux cotÃ©s du Groupe @lorealfrance  se prolonge pour les quatre prochaines annÃ©es.

#Tokyo2020 #Paris2024 https://t.co/Y0aeZGKjBv",https://twitter.com/mysportagency,https://twitter.com/mysportagency/status/1349315737379352576,2021-01-18T10:30:58.523Z,#Paris2024
Fri Jan 15 15:40:47 +0000 2021,"Avis aux Ã©tablissements scolaires de #Moselle ! ğŸ˜ƒ
 
Du 1er au 6 fÃ©vrier, la Semaine #Olympique et #Paralympique fait bouger vos Ã©lÃ¨ves. 

Ne passez pas Ã  cÃ´tÃ©, inscrivez-vous â¬‡ï¸

#Terredejeux #JOP #Paris2024 #Generation2024",https://twitter.com/MoselleCD57,https://twitter.com/MoselleCD57/status/1350105660847960067,2021-01-18T10:30:58.523Z,#Paris2024
Tue Jan 12 11:21:01 +0000 2021,"Rdv dans les coulisses du ComitÃ© dâ€™Organisation des Jeux #Olympiques et #Paralympiques de #Paris2024. 

Plus de 4 000 personnes qui y travailleront Ã  horizon 2024. Et si c'Ã©tait vous ? DÃ©couvrez les opportunitÃ©s ! 

https://t.co/tGO6Avvpia
--
cc @FRAparalympique @Paris2024",https://twitter.com/Talenteo,https://twitter.com/Talenteo/status/1348953122996183046,2021-01-18T10:30:58.523Z,#Paris2024
Fri Jan 15 14:54:45 +0000 2021,Le sport traverse une pÃ©riode difficile. On sâ€™est rendu compte ces derniers mois Ã  quel point il est essentiel Ã  notre quotidien. Depuis une semaine on mesure aussi que @lequipe manque au sport,https://twitter.com/RoxaMaracineanu,https://twitter.com/RoxaMaracineanu/status/1350094073990946817,2021-01-18T10:30:58.523Z,#Paris2024
Wed Jan 13 16:36:17 +0000 2021,"Plus que quelques jours pour inscrire votre Ã©cole Ã  la Semaine Olympique et Paralympique 2021 â±ï¸

On vous prÃ©pare un programme avec nos athlÃ¨tes ğŸ‡«ğŸ‡· et des invitÃ©s surprises pour faire bouger la gÃ©nÃ©ration 2024 ğŸ˜‰ 

Ne passez pas Ã  cÃ´tÃ©, inscrivez-vous :
https://t.co/6D0zxElCuW https://t.co/AmmrQIsvLh",https://twitter.com/Paris2024,https://twitter.com/Paris2024/status/1349394849108291584,2021-01-18T10:30:58.523Z,#Paris2024
Mon Jan 11 18:33:34 +0000 2021,"@LEstSportsLO : Le NancÃ©ien Benjamin Haguenauer, sÃ©lectionnÃ© pour lâ€™Euro : Â« Aujourdâ€™hui, je prends surtout de lâ€™expÃ©rience pour 2024 Â».
#aviron #ERChamps #RoadToTokyo #Tokyo2020 #Paris2024

https://t.co/7KNKHlcVWb",https://twitter.com/RameursTricolor,https://twitter.com/RameursTricolor/status/1348699589805830148,2021-01-18T10:30:58.523Z,#Paris2024
Tue Jan 12 11:33:27 +0000 2021,"Mirad quÃ© bonito lo que piensan hacer en #ChampsElysees y en la Plaza de la #Concorde de cara a los #JO2024, Juegos OlÃ­mpicos del 2024. #ParÃ­s
 https://t.co/RUiNByGNZ6",https://twitter.com/almuariza,https://twitter.com/almuariza/status/1348956253763067905,2021-01-18T10:30:58.523Z,#Paris2024
Mon Jan 18 09:30:12 +0000 2021,"DamiÃ¡n Quintero suma su primer oro de 2021
https://t.co/s6jqmwP2Pp
#karate2024 #paris2024 #olympickarate #mrprepor #deporteseguro #solucion https://t.co/MHBCnhjxf6",https://twitter.com/mrprepor,https://twitter.com/mrprepor/status/1351099562669301765,2021-01-18T10:30:58.523Z,#Paris2024
Sat Jan 16 19:30:50 +0000 2021,"Au stade actuel, il n'existe pas de moyen plus sÃ»r de permettre Ã  la #COVIDãƒ¼19 d'accentuer de maniÃ¨re foudroyante son emprise pandÃ©mique mondiale. La dÃ©nonciation immÃ©diate d'un ""cluster olympique"" par la presse internationale marquerait la fin de l'idÃ©e gÃ©niale de Coubertin. https://t.co/akkAzYI6tB",https://twitter.com/Sport_Web_I,https://twitter.com/Sport_Web_I/status/1350525942419091471,2021-01-18T10:30:58.523Z,#Paris2024
Thu Jan 14 19:41:55 +0000 2021,"La FederaciÃ³n SalvadoreÃ±a de Karate Do realizarÃ¡ su primer tope selectivo
https://t.co/f1EjMquCQU
#karate2024 #paris2024 #olympickarate #mrprepor #deporteseguro #solucion https://t.co/uNnVRdEwxp",https://twitter.com/mrprepor,https://twitter.com/mrprepor/status/1349803953664503819,2021-01-18T10:30:58.523Z,#Paris2024
Sun Jan 10 17:57:51 +0000 2021,"PrÃªt pour #Paris2024 ğŸ’ªğŸ¼
#100Mhaies",https://twitter.com/inOursonUtrust,https://twitter.com/inOursonUtrust/status/1348328212753997826,2021-01-18T10:30:58.523Z,#Paris2024
Thu Jan 14 10:53:47 +0000 2021,"Ã€ lâ€™occasion de la #SOP2021 , il arrive... le Cartable des Jeux ! BientÃ´t distribuÃ© dans toutes les classes de CM2 de lâ€™@Academie_Paris ğŸ‘ Une opÃ©ration #DASCO @LigueParis @CD_usep75 https://t.co/AKK7l45qvG",https://twitter.com/LigueParisEduc,https://twitter.com/LigueParisEduc/status/1349671046354509825,2021-01-18T10:30:58.523Z,#Paris2024
Mon Jan 11 09:41:54 +0000 2021,"@AuRevoirHidalgo Paris 1er, la ville la plus moche, la plus sale, devenue dangereuse de toute l'Europe... Les Franciliens ne viennent mÃªme plus.... https://t.co/xbGTReNPtq",https://twitter.com/DeSaintClairPi1,https://twitter.com/DeSaintClairPi1/status/1348565793018175490,2021-01-18T10:30:58.523Z,#Paris2024
Mon Jan 11 08:57:55 +0000 2021,#Paris2024,https://twitter.com/joyPC37,https://twitter.com/joyPC37/status/1348554723557826561,2021-01-18T10:30:58.523Z,#Paris2024
Mon Jan 11 16:55:15 +0000 2021,"EntrÃ©e dans l'arÃ¨ne olympique du Centre de prÃ©paration omnisports (CPO) de #Vittel, avec la venue prochaine de deux fÃ©dÃ©rations franÃ§aises ! #Vosges #Tokyo2020 #Paris2024 https://t.co/gwyktoageI",https://twitter.com/viaVosges,https://twitter.com/viaVosges/status/1348674848105627650,2021-01-18T10:30:58.523Z,#Paris2024
Fri Jan 15 08:42:31 +0000 2021,"PrÃªt Ã  tester avant tout le monde les futurs sites des Jeux de #Paris2024 ğŸ˜ ?

Le Club recherche 10 membres pour tester le vÃ©lodrome de Saint-Quentin-en-Yvelines dans la peau d'un athlÃ¨te olympique ğŸš´

Pour participer : https://t.co/SHovZoboop https://t.co/UVvDUO3nma",https://twitter.com/Paris2024,https://twitter.com/Paris2024/status/1350000398996799488,2021-01-18T10:30:58.523Z,#Paris2024
Sun Jan 10 17:52:31 +0000 2021,Les jambes retrouvÃ©es de MbappÃ©  https://t.co/G9a1B1MyFB #PSG par @Tibo19,https://twitter.com/CulturePSG,https://twitter.com/CulturePSG/status/1348326872367693832,2021-01-18T10:30:58.523Z,#Paris2024
Thu Jan 14 18:53:38 +0000 2021,"VÃ©gÃ©talisation des espaces sur les Champs ElysÃ©es, place de la Concorde intÃ©gralement piÃ©tonne en 2024, chantier sur 10 ans au total pour 250Mâ‚¬. Ambitieux ! #paris #paris2024  https://t.co/yixTqYHBpY",https://twitter.com/GuillaumePoquet,https://twitter.com/GuillaumePoquet/status/1349791803650805761,2021-01-18T10:30:58.523Z,#Paris2024
Mon Jan 18 08:46:20 +0000 2021,"#AmÃ©nagement / La mise en souterrain des Lignes Haute Tension par @rte_france permettra de libÃ©rer 80 ha de terrain. 
ğŸ‘‰ğŸ¼ PremiÃ¨re Ã©tape de ce #chantier dâ€™envergure : la rÃ©alisation dâ€™un tunnelier.
#Paris2024 #rtefrance #LignesHauteTension #GrandParis #1Jour1Ouvrage @SOLIDEO_JOP",https://twitter.com/villeneuve_92,https://twitter.com/villeneuve_92/status/1351088521436655621,2021-01-18T10:30:58.523Z,#Paris2024
Tue Jan 12 14:34:46 +0000 2021,Il y aura plus de bouchons Ã  paris mtn que vous avez rÃ© Ã©lu l'autre pute #Paris2024,https://twitter.com/mbaku935,https://twitter.com/mbaku935/status/1349001883357216768,2021-01-18T10:30:58.523Z,#Paris2024
Tue Jan 12 17:45:35 +0000 2021,@Popo57260863 Ah oui tiens ğŸ¤” ils savent d'avance que le virus du #COVID19 aura donc dÃ©finitivement disparu c'est cool ğŸ‘â˜€ï¸ğŸ¤© #Paris2024 #parispoubelle #anneHidalgo #rats #Insecurite .....,https://twitter.com/NaomyJoly,https://twitter.com/NaomyJoly/status/1349049901028618240,2021-01-18T10:30:58.523Z,#Paris2024
Sat Jan 16 06:49:38 +0000 2021,"@RoxaMaracineanu @lequipe 0 tweets pour soutenir les clubs et les associations en grande difficultÃ© apres ce nouvel arret subit dâ€™activitÃ© (le 3 en moins dâ€™un an) mais un tweet pour soutenir lâ€™equipe ! on croit rever, vous etes la pire ministre des sports de lâ€™histoire et de loin ! ğŸ˜¡",https://twitter.com/jtcoach9,https://twitter.com/jtcoach9/status/1350334379126566912,2021-01-18T10:30:58.523Z,#Paris2024
Fri Jan 15 18:33:46 +0000 2021,Catastrophe. Pas dâ€™autre mot.,https://twitter.com/julienbahloul,https://twitter.com/julienbahloul/status/1350149191104913408,2021-01-18T10:30:58.523Z,#Paris2024
Fri Jan 15 16:17:24 +0000 2021,"Au-delÃ  du couvre-feu dÃ©sormais Ã  18h, voici les nouvelles mesures pour le sport : https://t.co/IdkL6TIF1T

Elles entrent en application ce soir Ã  minuit ğŸ•› https://t.co/se2JsVQiM3",https://twitter.com/Sports_gouv,https://twitter.com/Sports_gouv/status/1350114871963213826,2021-01-18T10:30:58.523Z,#Paris2024
Fri Jan 15 22:10:18 +0000 2021,"@RoxaMaracineanu @lequipe Euh.... sans doute perdu une occasion de se taire car en matiÃ¨re de sport, comment dire, euh ... il faudrait peut-Ãªtre mettre le turbot pour nous redonner les moyens dâ€™en faire partout, et songer que dans 3 ans il y a @Paris2024 ...#Paris2024. La covid19 ne peut Ãªtre une excuse",https://twitter.com/GuyLoichemol,https://twitter.com/GuyLoichemol/status/1350203685175963651,2021-01-18T10:30:58.523Z,#Paris2024
Sun Jan 10 07:56:05 +0000 2021,"ğŸ— Retrouvez mon interview dans @leJDD, oÃ¹ je dÃ©taille les enjeux de lâ€™annÃ©e 2021 : gestion de la crise sanitaire, campagne de vaccination, soutien aux commerÃ§ants, aides aux jeunes et poursuite des grands projets dâ€™urbanisme Ã  Paris.ğŸ‘‡ https://t.co/M2nigDgV5R",https://twitter.com/Anne_Hidalgo,https://twitter.com/Anne_Hidalgo/status/1348176775621320704,2021-01-18T10:30:58.523Z,#Paris2024
Sat Jan 16 19:40:44 +0000 2021,"La France, patrie de Coubertin, a incontestablement un rÃ´le prÃ©pondÃ©rant Ã  jouer dans la dÃ©nonciation internationale de ce projet d'autant plus funeste qu'il sera fatal Ã  #Paris2024 | @EmmanuelMacron https://t.co/RumSZDVzGi",https://twitter.com/Sport_Web_I,https://twitter.com/Sport_Web_I/status/1350528432715796480,2021-01-18T10:30:58.523Z,#Paris2024
Tue Jan 12 11:39:17 +0000 2021,"Bon plan weed shit dispo 
Livraison Ã  domicile 
ğŸš¬snap//ğŸ‘‰ğŸ‘‰paco_boy2020
Wiker//zoulou92
 #suissi #paris #france #paris9 #parisjetaime #monaco #paris2024 #QuÃ©bec #bordeaux #montpellier #lemons #toulouse #strasbourg #nimes #franceverte #hautsdefrance #proverbe #Annecy https://t.co/BWPhjtJE1e",https://twitter.com/LivraisonWeed10,https://twitter.com/LivraisonWeed10/status/1348957719219351552,2021-01-18T10:30:58.523Z,#Paris2024
Sat Jan 16 20:14:00 +0000 2021,"Le clip pour #Paris2024
https://t.co/G3j7RiIAaS",https://twitter.com/ThePenDontLie,https://twitter.com/ThePenDontLie/status/1350536804622086144,2021-01-18T10:30:58.523Z,#Paris2024
Mon Jan 11 21:41:34 +0000 2021,"@Parisjecoute et @Anne_Hidalgo votre objectif est de transformer Paris en une citÃ© de non-droit dangereuse, recouverte de gribouillages dÃ©gueulasses et de dÃ©tritus sur les trottoirs ? 
Lâ€™agressivitÃ© de ses habitants ne va pas sâ€™arranger et les touristes vont dÃ©guster. #Paris2024",https://twitter.com/MarcelBichon9,https://twitter.com/MarcelBichon9/status/1348746902221647873,2021-01-18T10:30:58.523Z,#Paris2024
Wed Jan 13 03:22:34 +0000 2021,"ğŸ¥‡Officiel : Le tir de #Lbd nouvelle discipline Olympique !

#GiletsJaunes #Paris2024

https://t.co/BGSSVLqc9T https://t.co/dzHaHncUHa",https://twitter.com/DessaigneLamber,https://twitter.com/DessaigneLamber/status/1349195103609483265,2021-01-18T10:30:58.523Z,#Paris2024
Wed Jan 13 17:16:28 +0000 2021,"JO Ã©colos ? C'est trÃ¨s mal parti : au lieu de dÃ©polluer l' ""aire des essences"", c'est ""l'aire des vents"" qui est dÃ©truite pour le village des mÃ©dias... #Paris2024 #OnePlanetSummit https://t.co/4f00o6FPge",https://twitter.com/slavignotte,https://twitter.com/slavignotte/status/1349404961394855941,2021-01-18T10:30:58.523Z,#Paris2024
Thu Jan 14 11:14:23 +0000 2021,"Une page va bientÃ´t se tourner pour le mouvement sportif franÃ§ais. Denis Masseglia, prÃ©sident du @cnosf_instit depuis plus de onze ans, rendra les clefs de son bureau Ã  la fin du mois de juin. Il a rÃ©pondu aux questions de #FrancsJeux. #CNOSF #Paris2024 
https://t.co/Iwo42nMq4t",https://twitter.com/FrancsJeux,https://twitter.com/FrancsJeux/status/1349676229083987975,2021-01-18T10:30:58.523Z,#Paris2024
Mon Jan 18 09:52:52 +0000 2021,"Plata de Isabel Nieto en Alicante
https://t.co/eB8Q5OV66U
#karate2024 #paris2024 #olympickarate #mrprepor #deporteseguro #solucion https://t.co/G0NXv2VQM2",https://twitter.com/mrprepor,https://twitter.com/mrprepor/status/1351105265618317313,2021-01-18T10:30:58.523Z,#Paris2024
Mon Jan 18 07:35:51 +0000 2021,"Lâ€™histoire dâ€™amour entre Angers et la FÃ©dÃ©ration FranÃ§aise dâ€™AthlÃ©tisme va se prolonger.
#Angers #Paris2024 #JO2024 #athletisme 
@Angers @Paris2024 @FFAthletisme   
https://t.co/3IHIPR53lM",https://twitter.com/courrierouest,https://twitter.com/courrierouest/status/1351070786442981383,2021-01-18T10:30:58.523Z,#Paris2024
Sat Jan 09 11:48:48 +0000 2021,"Cela fait des semaines voire des mois que je signale lâ€™Ã©tat cataclysmique du Passage Basfour sur Dans Ma rue et Ã  @Parisjecoute. 
Sans succÃ¨s... #ParisCentre https://t.co/vPGBApOuyA",https://twitter.com/QsB75,https://twitter.com/QsB75/status/1347872950641418240,2021-01-18T10:30:58.523Z,#Paris2024
Fri Jan 15 08:43:12 +0000 2021,@ChrisBouillot @bbarbusse On sâ€™en fiche on a #Paris2024 ğŸ¤£ğŸ¤£ğŸ¤£ et pis vous avez quâ€™Ã  mettre vos enfants devant les Ã©crans avec un paquet de chips et du coca ! Ã‡a ira trÃ¨s bien ğŸ¤© quelle honte,https://twitter.com/deuxcdeuxh,https://twitter.com/deuxcdeuxh/status/1350000571403689985,2021-01-18T10:30:58.523Z,#Paris2024
Sun Jan 17 18:30:00 +0000 2021,"TIRADORA APUNTA A #ParÃ­s2024 ğŸ‡²ğŸ‡½ğŸ…

La olÃ­mpica de #BuenosAires2018 explicÃ³ que no hay muchas fechas ni competencias a las cuales se pueda enfocar debido a la situaciÃ³n que es incierta.

â¡  https://t.co/sEVkqVA4HU https://t.co/B4UhVr9q4Q",https://twitter.com/SportsQro,https://twitter.com/SportsQro/status/1350873019493728257,2021-01-18T10:30:58.523Z,#Paris2024
Sun Jan 10 17:55:04 +0000 2021,"@River1Paradis Les Ã©tonnantes subventions de la mairie de @Paris aux associations ou le gaspillage orchestrÃ© dâ€™@Anne_Hidalgo.

#nonauxdecisionsabusivesdeselus #parissanshidalgo #paris #parislibre #liberonsparis #paris2024 #presidentielle2022 

cc @MagazineCapital",https://twitter.com/maruevismavie,https://twitter.com/maruevismavie/status/1348327511118254082,2021-01-18T10:30:58.523Z,#Paris2024
Tue Jan 12 17:53:41 +0000 2021,#Paris2024 #Hidalgo #Paris #Utopia,https://twitter.com/Bernie75019,https://twitter.com/Bernie75019/status/1349051940362186756,2021-01-18T10:30:58.523Z,#Paris2024
Mon Jan 11 08:40:02 +0000 2021,@JCQDSE @Abou_portant07 #paris2024,https://twitter.com/AlinogeC,https://twitter.com/AlinogeC/status/1348550221513547776,2021-01-18T10:30:58.523Z,#Paris2024
Sun Jan 10 21:52:05 +0000 2021,"#Paris2024 : La Maire de #Paris @Anne_Hidalgo confirme les grands projets d'urbanisme dans la perspective des #JO2024.

ğŸ‘‰ [Nouvel article] https://t.co/g6lrQjRNS3

#Olympics2024 
#Paralympics2024",https://twitter.com/SportSociete,https://twitter.com/SportSociete/status/1348387162232909824,2021-01-18T10:30:58.523Z,#Paris2024
Sun Jan 10 17:30:57 +0000 2021,"@Anne_Hidalgo vous oubliez la #securite et la #proprete !
Il vous faut Ã©galement Ãªtre moins #jupiterienne ! Vous Ãªtes dÃ©connectez de vos administrÃ©s !
La #ruedemazagran vous interpelle depuis un moment et votre rÃ©ponse : le #SILENCE ğŸ‘Œ
#paris10 #presidentielle2022 #paris2024",https://twitter.com/maruevismavie,https://twitter.com/maruevismavie/status/1348321443902332928,2021-01-18T10:30:58.523Z,#Paris2024
Thu Jan 14 14:05:49 +0000 2021,Pour la Semaine Olympique et Paralympique ! @ArielWeilT @bmlardy @MParisCentre #generation2024 #paris2024,https://twitter.com/KarineBarbagli,https://twitter.com/KarineBarbagli/status/1349719373536239618,2021-01-18T10:30:58.523Z,#Paris2024
Tue Jan 12 13:54:58 +0000 2021,"Mirando a un futuro mÃ¡s verde ğŸ’š 
#Paris #Paris2024",https://twitter.com/vanessaparapar,https://twitter.com/vanessaparapar/status/1348991866298126338,2021-01-18T10:30:58.523Z,#Paris2024
Thu Jan 14 17:32:15 +0000 2021,Encore une fois les sports de salle se retrouvent Ã  devoir sâ€™arrÃªter. Nouveau coup dur pour les clubs et leurs licenciÃ©s qui respectaient les rÃ¨gles sanitaires. La saison blanche se profile. Dur dur  #handball #basket #volley #patinage #judo #Castex18h,https://twitter.com/ChrisBouillot,https://twitter.com/ChrisBouillot/status/1349771321228619776,2021-01-18T10:30:58.523Z,#Paris2024
Thu Jan 14 10:47:10 +0000 2021,"Immuniser les plus vulnÃ©rables et protÃ©ger ceux qui nous protÃ¨gent : Ã  Metz, comme partout dans le pays, la premiÃ¨re phase de notre campagne vaccinale contre la #COVID19 se poursuit.
1 million de FranÃ§ais seront vaccinÃ©s avant la fin du mois.
C'est ce qui Ã©tait prÃ©vu. https://t.co/j4yHh1EUmc",https://twitter.com/JeanCASTEX,https://twitter.com/JeanCASTEX/status/1349669378187530240,2021-01-18T10:30:58.523Z,#Paris2024
Thu Jan 14 16:45:08 +0000 2021,"#1Jour1Ouvrage

PortÃ© par le maÃ®tre d'ouvrage @RTE_idfn, l'enfouissement de 15km de lignes Ã©lectriques est mis en Å“uvre avec la crÃ©ation dâ€™un tunnel Ã  40 m de profondeur et de 2,5 km de long sur 3 communes : @Ileentransition, @VilleSaintDenis et @villeneuve_92

#Paris2024
 
1/3 https://t.co/JkbThvZB4J",https://twitter.com/SOLIDEO_JOP,https://twitter.com/SOLIDEO_JOP/status/1349759465747320842,2021-01-18T10:30:58.523Z,#Paris2024
Tue Jan 12 07:55:03 +0000 2021,#Paris2024 Poubelle Olympique,https://twitter.com/Yannick_Barth_,https://twitter.com/Yannick_Barth_/status/1348901290387124227,2021-01-18T10:30:58.523Z,#Paris2024
Sat Jan 09 20:32:50 +0000 2021,"Article sanguinolent et inquiÃ©tant sur la gestion de nos impÃ´ts locaux

https://t.co/RdQpCOjx4Y",https://twitter.com/River1Paradis,https://twitter.com/River1Paradis/status/1348004827406757889,2021-01-18T10:30:58.523Z,#Paris2024
Sun Jan 10 19:58:46 +0000 2021,@footamateur_fr @RoxaMaracineanu un commentaire ? Vous vous souvenez du sport ? Ou juste de la gouvernance des sports et des entreprises privÃ©s bien immiscÃ©es dans #paris2024 ?,https://twitter.com/belli063,https://twitter.com/belli063/status/1348358641422905344,2021-01-18T10:30:58.523Z,#Paris2024
Wed Jan 13 16:19:51 +0000 2021,"A 2024-es pÃ¡rizsi olimpia nemcsak a cÃ­mben szereplÅ‘ kÃ©rdÃ©sre adhat vÃ¡laszt, hanem a sportÃ¡g alakulÃ¡sÃ¡t is alapjaiban hatÃ¡rozhatja meg. #Paris2024  https://t.co/zcVVGOocdS",https://twitter.com/EurosportHU,https://twitter.com/EurosportHU/status/1349390713688109056,2021-01-18T10:30:58.523Z,#Paris2024
Fri Jan 15 23:21:19 +0000 2021,"@Sports_gouv @RoxaMaracineanu @jmblanquer @education_gouv @gouvernementFR @FranceOlympique @FRAparalympique @Agence_du_Sport Vous mÃ©prisez la base , vous favorisez l'Ã©lite mais sans base pas d'Ã©lites et sans les JO au #Japon qui risquent bien d'Ãªtre annulÃ©s ( variant japonnais du Covid ) vous n'aurez plus rien , plus de jeunes et plus d'Ã©lite . #Paris2024",https://twitter.com/KasperPresident,https://twitter.com/KasperPresident/status/1350221557076029441,2021-01-18T10:30:58.523Z,#Paris2024
Mon Jan 18 09:07:15 +0000 2021,"El talaverano RaÃºl Cuerva consigue la medalla de plata en la Liga Nacional
https://t.co/oulHSzcUr5
#karate2024 #paris2024 #olympickarate #mrprepor #deporteseguro #solucion https://t.co/IbW8EwEx87",https://twitter.com/mrprepor,https://twitter.com/mrprepor/status/1351093787699851273,2021-01-18T10:30:58.523Z,#Paris2024
Mon Jan 18 07:39:28 +0000 2021,"#Paris2024 : Le Conseil DÃ©partemental de Seine-Saint-Denis Ã  la manÅ“uvre.

ğŸ‘‰ [Nouvel article] https://t.co/FCxUxgXmcB

@seinesaintdenis 
@StephanTroussel 
@SOLIDEO_JOP",https://twitter.com/SportSociete,https://twitter.com/SportSociete/status/1351071695617073154,2021-01-18T10:30:58.523Z,#Paris2024
Mon Jan 18 07:02:09 +0000 2021,#JuntosHaremosMas #JuntosHaremosHistoria #paris2024 #deporteolimpico #BREAKING #bboy #bgirl #roadtoParis2024 #TodosSomosBaileDeportivo https://t.co/Tht4l1atSr,https://twitter.com/amedaba_ac,https://twitter.com/amedaba_ac/status/1351062305824518151,2021-01-18T10:30:58.523Z,#Paris2024
Sat Jan 16 08:59:46 +0000 2021,"@RoxaMaracineanu @lequipe il neige â›„ï¸ , nos Â«Â brillantsÂ Â» (lol) ministres @RoxaMaracineanu @jmblanquer @Sports_gouv peuvent ils nous dire comment on peut organiser une seance de basket Ã  lâ€™extÃ©rieur dans ces conditions ? ğŸ¤¨ #basket #basketball #ffbb #Paris2024 #sport https://t.co/YjJ5IJCtXV",https://twitter.com/jtcoach9,https://twitter.com/jtcoach9/status/1350367128499744768,2021-01-18T10:30:58.523Z,#Paris2024
Tue Jan 12 17:35:19 +0000 2021,"On n'enlÃ¨ve pas les pavÃ©s. C'est historique.
Que se passera-t-il le 14 juillet avec les chars de l'armÃ©e ?
On y croit pas 5 minutes. Paris est une ville historique pas une ville nouvelle.",https://twitter.com/lucile019,https://twitter.com/lucile019/status/1349047317610049538,2021-01-18T10:30:58.523Z,#Paris2024
Sun Jan 17 15:29:34 +0000 2021,#Paris2024 https://t.co/Mx88d2ykQe,https://twitter.com/sconita,https://twitter.com/sconita/status/1350827610658496513,2021-01-18T10:30:58.523Z,#Paris2024
Wed Jan 13 15:59:08 +0000 2021,"Merci au groupe @Loreal et Ã  @ThomasAnnelaure pour votre confiance !
#escrime #fencing #Tokyo2020 #Paris2024 #paralympic",https://twitter.com/maximevalet31,https://twitter.com/maximevalet31/status/1349385502982606849,2021-01-18T10:30:58.523Z,#Paris2024
Mon Jan 18 09:25:52 +0000 2021,"Exitoso fogueo de 75 karatecas juveniles y mayores en la FederaciÃ³n SalvadoreÃ±a de Karate Do
https://t.co/UtNDGF6Tqy
#karate2024 #paris2024 #olympickarate #mrprepor #deporteseguro #solucion https://t.co/0B7f3G31gB",https://twitter.com/mrprepor,https://twitter.com/mrprepor/status/1351098472028647428,2021-01-18T10:30:58.523Z,#Paris2024
Mon Jan 18 09:11:57 +0000 2021,"El aguileÃ±o Achraf Azizi consigue la medalla de bronce en la vuelta de la Liga Nacional Senior de kÃ¡rate
https://t.co/j1CII42w9o
#karate2024 #paris2024 #olympickarate #mrprepor #deporteseguro #solucion https://t.co/9EyISmnVn9",https://twitter.com/mrprepor,https://twitter.com/mrprepor/status/1351094970392993793,2021-01-18T10:30:58.523Z,#Paris2024
Tue Jan 12 20:12:35 +0000 2021,"Un quart des 123 personnes placÃ©es en garde Ã  vue lors de la manifestation du 12 dÃ©cembre Ã  Paris ont dÃ©posÃ© plainte pour Â«atteinte arbitraire Ã  la libertÃ© individuelleÂ» et Â«entrave Ã  la libertÃ© de manifesterÂ».

https://t.co/qUV7gFCVI3 @Mediapart 

Pour rappel ğŸ‘‡",https://twitter.com/AnttonRouget,https://twitter.com/AnttonRouget/status/1349086894748037121,2021-01-18T10:30:58.523Z,#Paris2024
Sun Jan 17 09:45:16 +0000 2021,"DamiÃ¡n Quintero se mantiene imbatible
https://t.co/cDTG9pFF8L
#karate2024 #paris2024 #olympickarate #mrprepor #deporteseguro #solucion https://t.co/hfBMduLo3S",https://twitter.com/mrprepor,https://twitter.com/mrprepor/status/1350740967767355392,2021-01-18T10:30:58.523Z,#Paris2024
Wed Jan 13 16:36:26 +0000 2021,"#Paris2024 #cyclisme ğŸ˜ğŸ†
 ğŸ”¸PrÃªt Ã  tester avant tout le monde les futurs sites des Jeux @Paris2024 ?
Ã‡a commence maintenant ! ğŸ’ª
 Vivez une journÃ©e dans la peau dâ€™un athlÃ¨te olympique au @Velodrome_nat de #SQY 
âœ”ï¸https://t.co/fVzPqTifuQ
DÃ©tails sur :
âœ”ï¸https://t.co/0mw4AJkR8G https://t.co/kTwHETfq7O",https://twitter.com/sqy,https://twitter.com/sqy/status/1349394887611920394,2021-01-18T10:30:58.523Z,#Paris2024
Mon Jan 11 14:51:37 +0000 2021,"lÃ©galiser ğŸ‡¨ğŸ‡µlivraison Ã  domicile 
snap: kalash2564
TÃ©lÃ©gram :@benweed
#psg #saintdenis #paris #france #weed #paris10 #parisjetaime #monacoÂ  #paris2024 #QuÃ©bec #Bordeaux #Montpellier #lemans #toulouse #NoÃ«lÂ  #conserts #festivals #franceverte #hautsdefrance https://t.co/8AAr8RJcFb",https://twitter.com/StonerLudovic,https://twitter.com/StonerLudovic/status/1348643734603370501,2021-01-18T10:30:58.523Z,#Paris2024
Mon Jan 11 21:37:30 +0000 2021,"@RastaBot420_ Livraison fiable et sÃ©curisÃ©ğŸcommandez via ğŸ‘‡
Wirckr me: ldebagdad
Snap//ldebagdad2020 
#psg #saintdenis #paris #france #weed #paris10 #parisjetaime #monacoÂ  #paris2024 #QuÃ©bec #Bordeaux #Montpellier #lemans #toulouse #conserts #festivals #franceverte #hautsdefranc https://t.co/gzHoCgq4pt",https://twitter.com/franklinweed11,https://twitter.com/franklinweed11/status/1348745877737906176,2021-01-18T10:30:58.523Z,#Paris2024
Tue Jan 12 20:52:46 +0000 2021,#Paris2024,https://twitter.com/joyPC37,https://twitter.com/joyPC37/status/1349097010155171840,2021-01-18T10:30:58.523Z,#Paris2024
Mon Jan 18 09:47:05 +0000 2021,"Una Sandra SÃ¡nchez 'de 10' comienza el aÃ±o olÃ­mpico con victoria en Alicante
https://t.co/eA3oADanau
#karate2024 #paris2024 #olympickarate #mrprepor #deporteseguro #solucion https://t.co/T4E8KbwKrM",https://twitter.com/mrprepor,https://twitter.com/mrprepor/status/1351103809876013063,2021-01-18T10:30:58.523Z,#Paris2024
Mon Jan 11 10:05:34 +0000 2021,"@Mediavenir On pourrait ajouter la saletÃ©, les terrasses Ã©phÃ©mÃ¨res, le plan de circulation, la fermeture des magasins avec le plan #velo #Paris #hidalgo, #Paris au bord de l'abÃ®me,
Quid des jeux #paris2024",https://twitter.com/lamourperrot,https://twitter.com/lamourperrot/status/1348571748283916290,2021-01-18T10:30:58.523Z,#Paris2024
Mon Jan 11 08:56:56 +0000 2021,"ğŸ‡«ğŸ‡· FLASH - ""Avec de telles carences, le dÃ©barquement de juin 1944 aurait Ã©chouÃ©"", affirmait Anne #Hidalgo sur la campagne de #vaccination. Ce matin, Gabriel #Attal rÃ©pond : ""Si le dÃ©barquement avait Ã©tÃ© gÃ©rÃ© comme les VÃ©libs, les bateaux n'auraient jamais quittÃ© l'AmÃ©rique"". (E1)",https://twitter.com/Mediavenir,https://twitter.com/Mediavenir/status/1348554474663632897,2021-01-18T10:30:58.523Z,#Paris2024
Mon Jan 18 09:21:50 +0000 2021,"La aguileÃ±a Marina CÃ¡ceres consigue el bronce en la Liga Nacional de kÃ¡rate
https://t.co/4pMr1RskW0
#karate2024 #paris2024 #olympickarate #mrprepor #deporteseguro #solucion https://t.co/AEJDk0Chma",https://twitter.com/mrprepor,https://twitter.com/mrprepor/status/1351097456440848384,2021-01-18T10:30:58.523Z,#Paris2024
Thu Jan 14 19:54:20 +0000 2021,"Sandra SÃ¡nchez vuelve a la acciÃ³n
https://t.co/osYYfjk8CV
#karate2024 #paris2024 #olympickarate #mrprepor #deporteseguro #solucion https://t.co/gNwtdnRZ7I",https://twitter.com/mrprepor,https://twitter.com/mrprepor/status/1349807077200433162,2021-01-18T10:30:58.523Z,#Paris2024
Mon Jan 11 14:51:35 +0000 2021,"lÃ©galiser ğŸ‡¨ğŸ‡µlivraison Ã  domicile 
snap: kalash2564
TÃ©lÃ©gram :@benweed
#psg #saintdenis #paris #france #weed #paris10 #parisjetaime #monacoÂ  #paris2024 #QuÃ©bec #Bordeaux #Montpellier #lemans #toulouse #NoÃ«lÂ  #conserts #festivals #franceverte #hautsdefrance https://t.co/NncniH4JIc",https://twitter.com/StonerLudovic,https://twitter.com/StonerLudovic/status/1348643726323814402,2021-01-18T10:30:58.523Z,#Paris2024